:020000040800F2
:10000000A84E0020890100083D1D0008991900082C
:10001000311D000825050008C1230008000000006C
:100020000000000000000000000000009B0100082C
:100030009D010008000000009F010008451E000807
:10004000A3010008A3010008A3010008A301000800
:10005000A3010008A3010008A3010008A3010008F0
:10006000A3010008A3010008A3010008A3010008E0
:10007000A3010008A3010008A3010008A3010008D0
:10008000A3010008A3010008A3010008A3010008C0
:10009000A3010008A3010008A3010008A3010008B0
:1000A000A3010008A3010008A3010008A3010008A0
:1000B000BD1E0008C51E0008CD1E0008A3010008D3
:1000C000A3010008A3010008A3010008A301000880
:1000D000A3010008B1230008B9230008A301000808
:1000E000A3010008A3010008A301000800F002F822
:1000F00000F03AF80AA090E8000C82448344AAF188
:100100000107DA4501D100F02FF8AFF2090EBAE885
:100110000F0013F0010F18BFFB1A43F0010318473B
:1001200058A4000078A40000103A24BF78C878C111
:10013000FAD8520724BF30C830C144BF04680C60ED
:10014000704700000023002400250026103A28BF35
:1001500078C1FBD8520728BF30C148BF0B60704739
:100160001FB51FBD10B510BD00F0A2F91146FFF775
:10017000F7FF05F001FE00F0C0F903B4FFF7F2FF4E
:1001800003BC00F0C7F90000094880470948004750
:10019000FEE7FEE7FEE7FEE7FEE7FEE7FEE7FEE737
:1001A000FEE7FEE704480549034A054B7047000097
:1001B000B91E0008ED000008A8460020A84E002047
:1001C000A846002040EA010310B59B070FD1042A7E
:1001D0000DD310C808C9121F9C42F8D020BA19BA12
:1001E000884201D9012010BD4FF0FF3010BD1AB177
:1001F000D30703D0521C07E0002010BD10F8013BCC
:1002000011F8014B1B1B07D110F8013B11F8014BF2
:100210001B1B01D1921EF1D1184610BD032A40F2DA
:10022000308010F0030C00F0158011F8013BBCF198
:10023000020F624498BF11F801CB00F8013B38BFB0
:1002400011F8013BA2F1040298BF00F801CB38BFBE
:1002500000F8013B11F0030300F0BB80083AC0F046
:10026000088051F8043B083A51F804CBA0E8081084
:10027000F5E7121D5CBF51F8043B40F8043BAFF3B7
:100280000080D20724BF11F8013B11F801CB48BF11
:1002900011F8012B24BF00F8013B00F801CB48BF47
:1002A00000F8012B7047431A28BF9A427FF6B6AF79
:1002B00010441144032A40F2268010F0030F1EBFA1
:1002C00011F8013D521E00F8013D10F0030F7FF4BC
:1002D000F6AF11F0030300F0C180083AC0F00B80C4
:1002E00051F8043D083A51F804CD40F8043D40F877
:1002F00004CDFFF7F3BF121D5CBF51F8043D40F879
:10030000043DAFF30080D20724BF11F8013D11F87E
:1003100001CD48BF11F8012C24BF00F8013D00F8C1
:1003200001CD48BF00F8012C704702F0FF0343EAFB
:10033000032242EA024200F024B84FF000020429EE
:10034000C0F0128010F0030C00F01B80CCF1040C04
:10035000BCF1020F18BF00F8012BA8BF20F8022B38
:10036000A1EB0C0100F00DB85FEAC17C24BF00F8DE
:10037000012B00F8012B48BF00F8012B70474FF00C
:10038000000200B5134694469646203922BFA0E8E5
:100390000C50A0E80C50B1F12001BFF4F7AF0907F1
:1003A00028BFA0E80C5048BF0CC05DF804EB8900E2
:1003B00028BF40F8042B08BF704748BF20F8022B25
:1003C00011F0804F18BF00F8012B7047704770473D
:1003D000704710B5203AC0F00B80B1E81850A0E883
:1003E0001850B1E81850A0E81850203ABFF4F5AF03
:1003F0005FEA027C24BFB1E81850A0E8185044BF5F
:1004000018C918C0BDE810405FEA827C24BF51F8CB
:10041000043B40F8043B08BF7047D20728BF31F8BF
:10042000023B48BF11F8012B28BF20F8023B48BF10
:1004300000F8012B7047431A28BF9A427FF6C9AFD4
:100440001044114410F0030F1EBF11F8013D521E5D
:1004500000F8013D10F0030F7FF4F6AF103AC0F042
:100460000A8010B531E9185020E91850103ABFF44D
:10047000F9AFBDE81040530724BF31E9081020E967
:10048000081044BF51F8043D40F8043D12F0030F3A
:1004900008BF7047D20728BF31F8023D48BF11F8A6
:1004A000012C28BF20F8023D48BF00F8012C7047FE
:1004B000754600F02BF8AE4605006946534620F01D
:1004C0000700854618B020B5FFF76CFEBDE8204058
:1004D0004FF000064FF000074FF000084FF0000B00
:1004E000AC46ACE8C009ACE8C009ACE8C009ACE86F
:1004F000C00921F007018D46704710B50446AFF3DF
:1005000000802046BDE81040FFF737BE0048704726
:100510001000002001491820ABBEFEE726000200B3
:100520007047000080B507F071FEFFE7FEE70000AE
:1005300080B582B007F06AFEEFF3108072B60190CA
:10054000FFE7FEE790B00F900E9100200D9009900C
:10055000FFE70E9800680D99C840002800F07F81E1
:10056000FFE70D99012088400C900E9800680C99C7
:1005700008400B900B980C99884240F06C81FFE783
:100580000E9840680590002851D0FFE70598012893
:100590003AD0FFE7059802283FD0FFE705980328E7
:1005A0005FD0FFE70598112832D0FFE705981228A1
:1005B00038D0FFE705980021C1F21101884236D0FA
:1005C000FFE705980021C1F2120188422FD0FFE712
:1005D00005980021C1F22101884228D0FFE7059843
:1005E0000021C1F22201884221D0FFE705980021B5
:1005F000C1F2310188421AD0FFE705980021C1F20B
:100600003201884213D02FE00E98C06809902CE088
:100610000E98C0680430099027E00E98C068083032
:10062000099022E00E98C0680C3009901DE00E98E9
:10063000806818B9FFE70420099011E00E988068DF
:10064000012806D1FFE7082009900C980F9908614E
:1006500005E0082009900C980F994861FFE7FFE733
:1006600003E00020099000E0FFE70B98FF2803D883
:10067000FFE70F98049003E00F9804300490FFE721
:10068000049808900B98FF2804D8FFE70D98800085
:10069000039006E00D996FF01F0000EB81000390BE
:1006A000FFE70398079008980068079A0F21914088
:1006B0008843099991400843089908600E98C079C9
:1006C000C006002840F1C680FFE7FFE741F21800AE
:1006D000C4F20200016841F001010160006800F00D
:1006E000010006900698FFE70D9820F0030008210E
:1006F000C4F2010140580A900D9800F003008100F7
:100700000F2000FA01F10A9888430A900F9840F6EA
:100710000001C4F20101884203D1FFE700200290EA
:1007200026E00F9840F60041C4F20101884203D14F
:10073000FFE70120019018E00F9841F20001C4F298
:100740000101884203D1FFE7022000900AE00F99DF
:1007500041F20042C4F201020420914208BF03208A
:100760000090FFE700980190FFE701980290FFE7F3
:1007700002980D9901F00301890000FA01F10A982D
:1007800008430A900A980D9921F003010822C4F247
:10079000010288500E988079C006002809D5FFE72D
:1007A0000B9A40F20841C4F2010108681043086046
:1007B00008E00B9A40F20841C4F201010868904336
:1007C0000860FFE70E9880798006002809D5FFE7CA
:1007D0000B9A40F20C41C4F2010108681043086012
:1007E00008E00B9A40F20C41C4F201010868904302
:1007F0000860FFE70E9880798007002809D5FFE799
:100800000B9A40F20441C4F20101086810430860E9
:1008100008E00B9A40F20441C4F2010108689043D9
:100820000860FFE70E988079C00748B1FFE70B9A90
:1008300040F20041C4F2010108681043086008E07A
:100840000B9A40F20041C4F201010868904308602D
:10085000FFE7FFE7FFE70D9801300D9079E610B054
:100860007047000082B00190ADF802108DF80120B1
:100870009DF8010028B1FFE7BDF802000199086169
:1008800005E0BDF80200000401990861FFE702B02D
:100890007047000044F2A060C2F200000068704798
:1008A00040F20500C2F20000027844F2A061C2F2F8
:1008B00000010868104408607047000080B542F2EB
:1008C0000001C4F20201086840F010000860032033
:1008D00000F096F8042000F005F800F03BF8002046
:1008E00080BD000080B582B0009040F20000C2F2EE
:1008F0000000006840F20501C2F200010A784FF4DE
:100900007A71B1FBF2F1B0FBF1F000F073FD20B1B0
:10091000FFE701208DF8070018E000980F280DD898
:10092000FFE700994FF0FF30002200F04FF80098E9
:1009300040F20801C2F20001086003E001208DF8D6
:10094000070003E000208DF80700FFE79DF807008F
:1009500002B080BD83B0FFE741F21800C4F202008C
:10096000016841F001010160006800F0010002909F
:100970000298FFE7FFE741F21C00C4F202000168A1
:1009800041F080510160006800F0805001900198B2
:10099000FFE7FFE70421C4F2010108680090009816
:1009A00020F0E0600090009840F000700090009807
:1009B0000860FFE703B0704780B582B08DF807008C
:1009C0009DF9070001F002FD02B080BD80B586B040
:1009D0008DF81700049103920020029001F00EFDA3
:1009E00002909DF91700019002980499039A01F072
:1009F000ABF90146019801F009FD06B080BD000089
:100A000080B582B00190019801F022FD02B080BD56
:100A100080B584B002900191029820B9FFE70120CF
:100A20008DF80F001BE1019842F20001C4F20201AF
:100A3000096801F00701884216D9FFE742F2000079
:100A4000C4F20200016821F00701019A114301601C
:100A5000006800F007000199884204D0FFE70120F8
:100A60008DF80F00FBE0FFE7029800788007002870
:100A70002AD5FFE7029800784007002809D5FFE74C
:100A800041F20401C4F20201086840F4E060086029
:100A9000FFE7029800780007002809D5FFE741F238
:100AA0000401C4F20201086840F460500860FFE7E6
:100AB00041F20401C4F20201086820F0F000029A39
:100AC000926810430860FFE702980078C00700288A
:100AD00060D0FFE70298406801280ED1FFE741F29D
:100AE0000000C4F2020000688003002804D4FFE77D
:100AF00001208DF80F00B2E021E002984068022842
:100B00000ED1FFE741F20000C4F20200006880014C
:100B1000002804D4FFE701208DF80F009FE00DE0CE
:100B200041F20000C4F2020000688007002804D4EB
:100B3000FFE701208DF80F0091E0FFE7FFE741F2AA
:100B40000401C4F20201086820F00300029A52680E
:100B500010430860FFF79EFE0090FFE741F204009B
:100B6000C4F20200006800F00C0002994968B0EB82
:100B7000810F0ED0FFE7FFF78DFE0099401A41F27A
:100B80008931884204D3FFE703208DF80F0066E027
:100B9000E4E7FFE7019842F20001C4F202010968AC
:100BA00001F00701884216D2FFE742F20000C4F2CA
:100BB0000200016821F00701019A114301600068F9
:100BC00000F007000199884204D0FFE701208DF86A
:100BD0000F0044E0FFE702980078400700280CD59A
:100BE000FFE741F20401C4F20201086820F4E0606A
:100BF000029AD26810430860FFE702980078000765
:100C000000280DD5FFE741F20401C4F20201086893
:100C100020F46050029A126940EAC2000860FFE7BF
:100C200000F04CF841F20401C4F202010968C9B2B3
:100C30000A094AF2AE31C0F60001895CC84040F2B0
:100C40000001C2F20001086040F20800C2F2000098
:100C50000068FFF747FE00208DF80F00FFE79DF8C2
:100C60000F0004B080BD000040F20000C2F200009E
:100C70000068704780B5FFF7F7FF41F20401C4F246
:100C800002010968C1F302224AF2BE31C0F6000136
:100C9000895CC84080BD000080B5FFF7E5FF41F2E8
:100CA0000401C4F202010968C1F3C2224AF2BE3152
:100CB000C0F60001895CC84080BD000086B00020FD
:100CC0000590049003900290019041F20400C4F258
:100CD000020000680590059800F00C0001460091A4
:100CE00000283FD0FFE70098042804D0FFE70098D1
:100CF000082806D037E041F20020C0F27A000190C7
:100D000037E00598C0F383414AF2C630C0F60000D0
:100D1000405C02909DF81600C007C0B1FFE741F2A9
:100D20000400C4F202000068C0F340414AF2D63029
:100D3000C0F60000405C0490029841F20021C0F22D
:100D40007A0148430499B0FBF1F0039007E0029860
:100D500040F60011C0F23D0148430390FFE70398BD
:100D6000019006E0FFE741F20020C0F27A00019016
:100D7000FFE7019806B0704780B586B004900498EC
:100D800020B9FFE701208DF817002EE304980078C2
:100D9000C007002800F0AE80FFE741F20400C4F273
:100DA0000200006800F00C00042813D0FFE741F2B5
:100DB0000400C4F20200006800F00C0008281BD1F7
:100DC000FFE741F20400C4F202000068C0030028FB
:100DD00012D5FFE741F20000C4F202000068800370
:100DE000002808D5FFE70498406820B9FFE70120F4
:100DF0008DF81700F9E27CE0FFE704984068B0F551
:100E0000803F09D1FFE741F20001C4F20201086806
:100E100040F48030086032E00498406868B9FFE729
:100E200041F20001C4F20201086820F48030086039
:100E3000086820F48020086020E004984068B0F53D
:100E4000A02F0DD1FFE741F20001C4F202010868B2
:100E500040F480200860086840F4803008600CE0AE
:100E600041F20001C4F20201086820F480300860F9
:100E7000086820F480200860FFE7FFE7FFE7FFE74E
:100E800004984068D0B1FFE7FFF704FD0390FFE747
:100E900041F20000C4F202000068800300280CD474
:100EA000FFE7FFF7F7FC0399401A652804D3FFE733
:100EB00003208DF8170098E2EAE719E0FFF7EAFC53
:100EC0000390FFE741F20000C4F2020000688003D3
:100ED00000280CD5FFE7FFF7DDFC0399401A6528D1
:100EE00004D3FFE703208DF817007EE2EAE7FFE76F
:100EF000FFE7FFE7049800788007002840F18D8025
:100F0000FFE741F20400C4F20200006810F00C0F89
:100F100013D0FFE741F20400C4F20200006800F0C1
:100F20000C00082829D1FFE741F20400C4F20200B6
:100F30000068C003002820D4FFE741F20000C4F29B
:100F4000020000688007002809D5FFE704980069BF
:100F5000012804D0FFE701208DF8170045E241F297
:100F60000001C4F20201086820F0F800049A5269F6
:100F700040EAC2000860FFE74EE00498006958B3F9
:100F8000FFE70021C4F2422101200860FFF782FC44
:100F90000390FFE741F20000C4F2020000688007FE
:100FA00000280CD4FFE7FFF775FC0399401A0328CB
:100FB00004D3FFE703208DF8170016E2EAE741F2B9
:100FC0000001C4F20201086820F0F800049A526996
:100FD00040EAC20008601EE00021C4F24221002065
:100FE0000860FFF757FC0390FFE741F20000C4F2EE
:100FF00002000068800700280CD5FFE7FFF74AFCD5
:101000000399401A032804D3FFE703208DF8170043
:10101000EBE1EAE7FFE7FFE7FFE704980078000766
:10102000002848D5FFE70498806918B3FFE740F22D
:101030008041C4F2422101200860FFF72BFC03909D
:10104000FFE741F22400C4F2020000688007002894
:101050000CD4FFE7FFF71EFC0399401A032804D3C2
:10106000FFE703208DF81700BFE1EAE7012000F059
:10107000A1FE1FE040F28041C4F24221002008603E
:10108000FFF708FC0390FFE741F22400C4F20200DE
:101090000068800700280CD5FFE7FFF7FBFB0399EA
:1010A000401A032804D3FFE703208DF817009CE1C2
:1010B000EAE7FFE7FFE7049800784007002840F1DF
:1010C000D880FFE700208DF8070041F21C00C4F231
:1010D00002000068C000002813D4FFE7FFE741F2D8
:1010E0001C00C4F20200016841F0805101600068F8
:1010F00000F0805000900098FFE701208DF8070075
:10110000FFE747F20000C4F200000068C0050028B5
:1011100022D4FFE747F20001C4F20001086840F45E
:1011200080700860FFF7B6FB0390FFE747F200000E
:10113000C4F200000068C00500280CD4FFE7FFF7E8
:10114000A9FB0399401A652804D3FFE703208DF813
:1011500017004AE1EAE7FFE7FFE70498C0680128C3
:1011600009D1FFE741F22001C4F20201086840F012
:101170000100086031E00498C06868B9FFE741F2F7
:101180002001C4F20201086820F00100086008682C
:1011900020F0040008601FE00498C06805280DD105
:1011A000FFE741F22001C4F20201086840F00400A8
:1011B0000860086840F0010008600CE041F220017E
:1011C000C4F20201086820F001000860086820F0FD
:1011D00004000860FFE7FFE7FFE7FFE70498C06847
:1011E000E0B1FFE7FFF756FB0390FFE741F2200075
:1011F000C4F202000068800700280ED4FFE7FFF762
:1012000049FB0399401A41F28931884204D3FFE730
:1012100003208DF81700E8E0E8E71BE0FFF73AFB52
:101220000390FFE741F22000C4F20200006880074B
:1012300000280ED5FFE7FFF72DFB0399401A41F276
:101240008931884204D3FFE703208DF81700CCE0F2
:10125000E8E7FFE79DF80700012809D1FFE741F221
:101260001C01C4F20201086820F080500860FFE70A
:10127000FFE70498C069002800F0B380FFE741F25F
:101280000400C4F20200006800F00C00082800F01E
:101290008280FFE70498C06902285CD1FFE76021E3
:1012A000C4F2422100200860FFF7F4FA0390FFE740
:1012B00041F20000C4F202000068800100280CD551
:1012C000FFE7FFF7E7FA0399401A032804D3FFE783
:1012D00003208DF8170088E0EAE70498006AB0F56B
:1012E000803F0CD1FFE741F20401C4F2020108681B
:1012F00020F40030049A926810430860FFE741F23E
:101300000401C4F20201086820F47410049B1A6AF4
:101310005B6A1A43104308606021C4F24221012035
:101320000860FFF7B7FA0390FFE741F20000C4F24C
:1013300002000068800100280CD4FFE7FFF7AAFA3A
:101340000399401A032804D3FFE703208DF8170000
:101350004BE0EAE71EE06021C4F242210020086071
:10136000FFF798FA0390FFE741F20000C4F2020091
:101370000068800100280CD5FFE7FFF78BFA03997E
:10138000401A032804D3FFE703208DF817002CE050
:10139000EAE7FFE724E00498C069012804D1FFE7E9
:1013A00001208DF8170020E041F20400C4F2020091
:1013B00000680290029800F480300499096A88421B
:1013C00008D1FFE7029800F470100499496A884236
:1013D00004D0FFE701208DF8170006E0FFE7FFE7E4
:1013E000FFE700208DF81700FFE79DF8170006B013
:1013F00080BD000080B582B00190019800F0F8FC3B
:1014000002B080BD85B003900291FFE7039890F889
:101410003C00012804D1FFE702208DF813005BE0B7
:101420000399012081F83C00FFE7FFE703990220C0
:1014300081F83D00039800684068019003980068B7
:1014400080680090019820F0700001900298016877
:10145000019808430190019803990968486003982E
:10146000006842F60041C4F20101884218D0FFE74B
:1014700003980068B0F1804F12D0FFE7039800682E
:1014800040F20041C4F20001884209D0FFE703980E
:10149000006840F60001C4F2000188420ED1FFE767
:1014A000009820F08000009002984168009808435E
:1014B00000900098039909688860FFE7039901206C
:1014C00081F83D00FFE70399002081F83C00FFE729
:1014D00000208DF81300FFE79DF8130005B070475A
:1014E00080B58CB00B9000200A900990089007906E
:1014F0000B980068B0F1804F50D1FFE7FFE741F251
:101500001800C4F20200016841F00801016000689F
:1015100000F0080006900698FFE7FFE741F2180088
:10152000C4F20200016841F004010160006800F0AB
:10153000040005900598FFE74FF4806007900220B3
:10154000009008900A9040F60040C4F2010007A9FC
:101550000191FEF7F7FF009801994FF400420792BE
:1015600008900A9040F60000C4F20100FEF7EAFF7E
:10157000FFE70421C4F2010108680490049820F4F4
:1015800040700490049840F0E0600490049840F4A7
:101590004070049004980860FFE74BE00B980068E7
:1015A00040F20041C4F2000188421CD1FFE7FFE78E
:1015B00041F21800C4F20200016841F00401016028
:1015C000006800F0040003900398FFE7C020079034
:1015D000022008900A9040F60000C4F2010007A91A
:1015E000FEF7B0FF25E00B98006840F60001C4F25A
:1015F000000188421CD1FFE7FFE741F21800C4F266
:101600000200016841F008010160006800F0080074
:1016100002900298FFE7C0200790022008900A90ED
:1016200040F60040C4F2010007A9FEF78BFFFFE778
:10163000FFE7FFE70CB080BD80B586B00490039152
:10164000029200208DF80700FFE7049890F83C0014
:10165000012804D1FFE702208DF817003AE0049931
:10166000012081F83C00FFE7FFE7029800900C287A
:1016700021D80099DFE801F0071F1F1F0D1F1F1F52
:10168000131F1F1F190004980068039900F0A6FC9F
:1016900015E004980068039900F008FD0FE0049835
:1016A0000068039900F06EFD09E004980068039952
:1016B00000F0D4FD03E001208DF80700FFE7FFE70D
:1016C0000499002081F83C00FFE79DF807008DF8A1
:1016D0001700FFE79DF8170006B080BD80B582B007
:1016E0000090009820B9FFE701208DF807003FE047
:1016F000009890F83D0040B9FFE70099002081F87C
:101700003C00009800F038F8FFE70099022081F8CB
:101710003D00009951F8040B00F0DCFB009901201A
:1017200081F84600FFE70099012081F83E0000990A
:1017300081F83F00009981F84000009981F841004C
:10174000FFE7FFE70099012081F84200009981F846
:101750004300009981F84400009981F84500FFE7B3
:101760000099012081F83D0000208DF80700FFE777
:101770009DF8070002B080BD80B588B0079007983B
:101780000068B0F1804F19D1FFE7FFE741F21C007C
:10179000C4F20200016841F001010160006800F03C
:1017A000010006900698FFE71C20039000221146D6
:1017B000FFF70CF90398FFF7FFF845E0079800687A
:1017C00040F20041C4F20001884219D1FFE7FFE76F
:1017D00041F21C00C4F20200016841F00201016004
:1017E000006800F0020005900598FFE71D200290B8
:1017F00000221146FFF7EAF80298FFF7DDF822E031
:101800000798006840F60001C4F20001884219D12F
:10181000FFE7FFE741F21C00C4F20200016841F05B
:1018200004010160006800F0040004900498FFE7E0
:101830001E20019000221146FFF7C8F80198FFF71B
:10184000BBF8FFE7FFE7FFE708B080BD80B582B0D7
:101850000090009820B9FFE701208DF8070040E0D4
:101860000098806908B1FFE700E0FFE7009890F872
:10187000410040B9FFE70099002081F8400000983E
:1018800000F034F8FFE70099242081F84100009827
:101890000168C86820F40050C860009800F02AFD74
:1018A00000980168086920F4904008610098016878
:1018B000486920F02A00486100980168C86840F42F
:1018C0000050C860009900204864009A202182F8E6
:1018D0004110009A82F84210009948638DF8070081
:1018E000FFE79DF8070002B080BD000080B58CB016
:1018F0000B9000200A900990089007900B980068C0
:1019000043F60001C4F20101884243D1FFE7FFE73B
:1019100041F21800C4F20200016841F48041016004
:10192000006800F4804006900698FFE7FFE741F268
:101930001800C4F20200016841F00401016000686F
:1019400000F0040005900598FFE74FF40070079041
:101950000220089003200A9040F60000C4F2010023
:10196000019007A90291FEF7EDFD019802994FF44D
:10197000806207920022039208920992FEF7E2FD2C
:10198000039A252004900821FFF720F80498FFF718
:1019900013F8FFE70CB080BD80B506F037FCFFE719
:1019A000FEE7000080B58EB000200D900C900B90EB
:1019B0000A90FFE741F21800C4F20200016841F00A
:1019C00020010160006800F0200009900998FFE7FD
:1019D000FFE741F21800C4F20200016841F004017F
:1019E0000160006800F0040008900898FFE7FFE736
:1019F00041F21800C4F20200016841F008010160E0
:101A0000006800F0080007900798FFE740F6000024
:101A1000C4F20100019041F6101100220392FEF77A
:101A200021FF0198202101220292FEF71BFF039A59
:101A300040F60040C4F2010005904BF61111FEF78C
:101A400011FF029A059840F22E21FEF70BFF019834
:101A5000029A039941F630130A930B920C910221DA
:101A600004910D910AA90691FEF76CFDDDF808C0FE
:101A7000039B049A059806994BF63F3ECDF828E063
:101A8000CDF82CC00C930D92FEF75CFD0EB080BD1E
:101A900080B58AB0002100910991089107910691C3
:101AA0000591049103910291019141F2A010C2F2BB
:101AB00000004FF0804202604722426081604FF692
:101AC000FF72C26001618161FFF708FE18B1FFE794
:101AD000FEF72EFDFFE700200890099041F2A010CC
:101AE000C2F2000008A9FFF78DFC18B1FFE7FEF76E
:101AF0001FFDFFE730200190002202920392059221
:101B000041F2A010C2F2000001A9FFF795FD18B143
:101B1000FFE7FEF70DFDFFE741F2A010C2F2000063
:101B200001A90822FFF788FD18B1FFE7FEF700FDC5
:101B3000FFE741F2A010C2F20000FFF7D1FC0AB0AB
:101B400080BD000080B58AB0002100910991089104
:101B5000079106910591049103910291019141F23F
:101B6000E810C2F2000040F20042C4F2000202603B
:101B70004722426081604FF6FF72C260016181615D
:101B8000FFF7ACFD18B1FFE7FEF7D2FCFFE700203E
:101B90000890099041F2E810C2F2000008A9FFF78E
:101BA00031FC18B1FFE7FEF7C3FCFFE730200190DE
:101BB000002202920392059241F2E810C2F2000064
:101BC00001A9FFF739FD18B1FFE7FEF7B1FCFFE708
:101BD00041F2E810C2F2000001A90422FFF72CFD37
:101BE00018B1FFE7FEF7A4FCFFE741F2E810C2F2EC
:101BF0000000FFF775FC0AB080BD000080B58AB018
:101C00000021009109910891079106910591049195
:101C100003910291019141F23020C2F2000040F69E
:101C20000002C4F2000202604722426081604FF667
:101C3000FF72C26001618161FFF750FD18B1FFE7DB
:101C4000FEF776FCFFE700200890099041F2302073
:101C5000C2F2000008A9FFF7D5FB18B1FFE7FEF7B5
:101C600067FCFFE730200190002202920392059268
:101C700041F23020C2F2000001A9FFF7DDFC18B1EB
:101C8000FFE7FEF755FCFFE741F23020C2F200000B
:101C900001A90422FFF7D0FC18B1FFE7FEF748FCCA
:101CA000FFE741F23020C2F20000FFF719FC0AB052
:101CB00080BD000080B582B000200090132108F0A4
:101CC00033FB009941F27820C2F20000019043F604
:101CD0000002C4F2010202604FF4E132426081600E
:101CE000C16001610C2242618161C161FFF7AEFDFB
:101CF00018B1FFE7FEF71CFCFFE741F27820C2F2C3
:101D000000004068B0F5E13F0FD0FFE741F27820D6
:101D1000C2F200004FF4E1314160FFF797FD18B1C6
:101D2000FFE7FEF705FCFFE7FFE702B080BD00001C
:101D300080B506F06BFAFFE7FEE7000080B506F01D
:101D400065FAFFE7FEE7000088B00790069105926C
:101D5000079800F0070004900498C0F107000528D8
:101D600003D3FFE70420019004E00498C0F10700CA
:101D70000190FFE70198039004980430062803D8E7
:101D8000FFE70020009003E0049803380090FFE78D
:101D90000098029006980399012202FA01F1013994
:101DA0000840029B984005999A40013A1140084327
:101DB00008B0704782B00190019840F20001C2F271
:101DC00000010968C90844F6D352C1F26202A1FBBE
:101DD0000221890948430090FFE700BFFFE7009810
:101DE000411E00910028F8D1FFE702B070470000C3
:101DF00080B582B0009000980138B0F1807F03D3A5
:101E0000FFE70120019019E0009801384EF214011B
:101E1000CEF2000108604FF0FF300F2100F0F6FA1B
:101E20004EF21801CEF20001002008604EF21002BE
:101E3000CEF20002072111600190FFE7019802B085
:101E400080BD000080B5FEF72BFD80BD80B590B051
:101E500006A800902821FEF792FA00980023059327
:101E60000493039302930193012206924FF480316D
:101E7000079108930A9202220D920E914FF4E011FD
:101E80000F91FEF779FF18B1FFE7FEF751FBFFE76F
:101E90000F20019002210291002003904FF48062F4
:101EA0000492059001A8FEF7B3FD18B1FFE7FEF715
:101EB0003FFBFFE710B080BD7047000080B506F023
:101EC0000DFD80BD80B506F019FD80BD80B506F022
:101ED00027FD80BD83B002900191029800680090B8
:101EE000029842F60041C4F20101884215D0FFE792
:101EF0000298B0F1804F10D0FFE7029840F2004105
:101F0000C4F20001884208D0FFE7029840F60001C1
:101F1000C4F2000188420AD1FFE7009820F0700067
:101F2000009001984168009808430090FFE70298EC
:101F300042F60041C4F20101884215D0FFE7029841
:101F4000B0F1804F10D0FFE7029840F20041C4F298
:101F50000001884208D0FFE7029840F60001C4F271
:101F6000000188420AD1FFE7009820F440700090F9
:101F70000198C168009808430090FFE7009820F09E
:101F8000800001994969084300900098029908600F
:101F9000019880680299C862019800680299886275
:101FA000029842F60041C4F20101884205D1FFE7E0
:101FB0000198006902990863FFE7029901204861CE
:101FC00002980069C00730B1FFE70299086920F064
:101FD00001000861FFE703B07047000085B004907E
:101FE00003910498006A01900499086A20F00100A6
:101FF00008620498406800900498806902900298F2
:1020000020F070000290029820F0030002900398E4
:102010000168029808430290019820F002000190A4
:1020200003988168019808430190049842F60041A2
:10203000C4F2010188420ED1FFE7019820F00800A8
:1020400001900398C168019808430190019820F01D
:1020500004000190FFE7049842F60041C4F2010138
:10206000884213D1FFE7009820F480700090009818
:1020700020F4007000900398416900980843009094
:1020800003988169009808430090FFE7009804993D
:1020900048600298049988610398406804994863ED
:1020A00001980499086205B07047000085B004905B
:1020B00003910498006A01900499086A20F01000C6
:1020C0000862049840680090049880690290029821
:1020D00020F4E0400290029820F4407002900398AF
:1020E0000168029840EA01200290019820F0200047
:1020F000019003988168019840EA011001900498CA
:1021000042F60041C4F2010188420FD1FFE7019875
:1021100020F0800001900398C168019840EA011006
:102120000190019820F040000190FFE7049842F6EA
:102130000041C4F20101884215D1FFE7009820F464
:1021400080600090009820F400600090039841693E
:10215000009840EA8100009003988169009840EA65
:1021600081000090FFE70098049948600298049964
:10217000886103984068049988630198049908620B
:1021800005B0704785B0049003910498006A0190EF
:102190000499086A20F480700862049840680090EE
:1021A0000498C0690290029820F070000290029892
:1021B00020F00300029003980168029808430290FF
:1021C000019820F40070019003988168019840EA1A
:1021D00001200190049842F60041C4F201018842B6
:1021E0000FD1FFE7019820F4006001900398C168C7
:1021F000019840EA01200190019820F4806001904C
:10220000FFE7049842F60041C4F20101884215D16B
:10221000FFE7009820F480500090009820F40050D0
:10222000009003984169009840EA011000900398DB
:102230008169009840EA01100090FFE70098049936
:10224000486002980499C861039840680499C8637B
:1022500001980499086205B07047000085B00490A9
:1022600003910498006A01900499086A20F4805050
:1022700008620498406800900498C069029002982F
:1022800020F4E0400290029820F4407002900398FD
:102290000168029840EA01200290019820F4005061
:1022A000019003988168019840EA013001900498F8
:1022B00042F60041C4F2010188420BD1FFE70098C9
:1022C00020F48040009003984169009840EA811012
:1022D0000090FFE700980499486002980499C8614B
:1022E000039840680499086401980499086205B04D
:1022F0007047000080B584B00390039800680069BF
:1023000020F44050039A1168D26810430861039981
:1023100088680A6949691043084302900398006875
:10232000C06841F20C618843029908430399096827
:10233000C86003980068406920F44070039A1168EF
:102340009269104348610398006843F60001C4F2A3
:102350000101884204D1FFE7FEF79EFC019003E0F3
:10236000FEF788FC0190FFE7019819214843039A82
:10237000116852689200B0FBF2FC48F21F52C5F29D
:10238000EB12ACFB02304309642003FB10CC32207B
:1023900000EB0C10A0FB0202F02000EA521000EB50
:1023A0000310C2F343121044886004B080BD0000E3
:1023B00080B506F0EBFA80BD80B505F047FE80BD24
:1023C00080B505F023FFFFE7FEE7000081B08DF840
:1023D00003009DF9030000280ED4FFE79DF90310C8
:1023E00001F01F02012090404A094EF20011CEF286
:1023F000000141F82200FFE701B070474EF60C5093
:10240000CEF200000068C0F30220704782B08DF861
:10241000070000919DF9070000280AD4FFE7009803
:1024200000019DF907104EF20042CEF200028854DE
:102430000BE0009800019DF8071001F00F014EF627
:102440001452CEF200028854FFE702B07047000039
:1024500083B00290029800F0070000904EF60C51F5
:10246000CEF200010868019001984FF6FF0210407B
:1024700001900198009A40EA02200022C0F2FA522C
:10248000104301900198086003B0704782B001903A
:102490008DF8031001989DF8031000EB8100343093
:1024A00002B0704781B08DF803009DF803104AF226
:1024B000D830C0F60000405C01B0704780B540F2F3
:1024C000B401C2F2000108680130086044F25441CE
:1024D000C2F200010020C88644F29441C2F2000119
:1024E000088040F6F861C2F20001088041F2C02184
:1024F000C2F20001086040F2D401C2F2000108708B
:1025000043F61861C2F20001087043F61161C2F28D
:102510000001087043F61061C2F20001087043F632
:102520001461C2F20001086043F60C61C2F20001BE
:10253000086004F06BFE80BD80B586B005904FF05A
:10254000FF30049000208DF80F008DF80E00FFE79B
:102550009DF80E007F2829DCFFE79DF80E0004F0AF
:10256000E5FF029005980299884205D9FFE7059892
:102570000299401A009004E002980599401A0090D0
:10258000FFE70098019001980499884207D2FFE77D
:10259000019804909DF80E008DF80F00FFE7FFE70B
:1025A0009DF80E0001308DF80E00D1E79DF80F0068
:1025B00006B080BD80B586B005908DF813108DF8FB
:1025C00012209DF81310022088400390059800699E
:1025D0000599C96808400399084201D1FFE776E0F0
:1025E0000398C043059908619DF8121040F27000ED
:1025F000C2F20000405C08B9FFE768E09DF81220D5
:1026000040F6FA60C2F20000815C81F00101815461
:102610009DF81210405C88B9FFE79DF8121042F651
:102620000050C2F2000030F811009DF8122040F670
:10263000EC61C2F2000121F81200FFE705989DF855
:102640001310FFF723FF00689DF8122040F6EC619D
:10265000C2F2000131F812100844ADF80A00BDF8CA
:102660000A000599496A401AADF80800BDF808004B
:10267000082806D3FFE7BDF90800B0F1FF3F1ADCD8
:10268000FFE705989DF81310042205F027F8039A38
:102690000599C8689043C8609DF8122040F2700107
:1026A000C2F200010020885442F6A841C2F20001A3
:1026B000012008700BE0BDF80A00019005989DF814
:1026C0001310FFF7E3FE014601980860FFE706B02C
:1026D00080BD000081B08DF803008DF802109DF8D8
:1026E00002209DF803100C20C84000F0010080F08B
:1026F0000101002A18BF084601B0704770B58BB0C1
:102700009C4696460C46054612981199109A0F9BC6
:102710000A950994CDF820E08DF81FC08DF81E3081
:102720008DF81D208DF81C108DF81B0000200590E1
:10273000FFE70598052800F22E81FFE70998059923
:1027400000EBC1000179012089070029029014D40F
:10275000FFE79DF81E10002049060029019009D5C9
:10276000FFE70998059900EBC1000079C0F3C000AC
:102770000190FFE701980290FFE7029800F0010046
:1027800004909DF81F100120009011B3FFE79DF801
:102790001E100120C9070090D9B1FFE79DF81D1058
:1027A00001200090A9B9FFE79DF81C1001200090BE
:1027B00079B9FFE79DF81B10059A0120D140C907A0
:1027C000009031B1FFE79DF81E00C0F3800000903B
:1027D000FFE7009800F0010003909DF81E0010F044
:1027E000600F3FD1FFE70A9BDDF814C003EBCC017B
:1027F000099A02EBCC0052F83C2043F83C20406898
:1028000048600A98059900EBC101087900F00700BB
:1028100008719DF81E004006002812D5FFE70998B0
:10282000059900EBC10000790007002809D5FFE7F2
:102830000A98059900EBC101087940F0020008717F
:10284000FFE7039838B1FFE70A98059900EBC1014B
:1028500000200871FFE70A9805990144002081F8DB
:10286000600093E00398D0B1FFE70A9BDDF814C045
:1028700003EBCC01099A02EBCC0052F83C2043F860
:102880003C20406848600A98059900EBC10100208F
:1028900008710A99059A114481F8600075E004985E
:1028A000C0B3FFE70A980599084490F8600060B14A
:1028B000FFE70A98059A00EBC2004079099901EBFD
:1028C000C2014979884207D0FFE708980A99059A1A
:1028D00001EB82010863FFE70A9BDDF814C003EBFC
:1028E000CC01099A02EBCC0052F83C2043F83C2082
:1028F000406848600A98059900EBC101087900F02A
:102900000500023008710A9805990144012081F8F8
:10291000600039E00A980599084490F86000C8B151
:10292000FFE708980A99059A01EB820188640898E4
:102930000A99059A01EB8201096B401AC72808DC45
:10294000FFE70A98059900EB8101086BC83088649D
:10295000FFE7FFE70A9805990144002081F860002D
:1029600008980A99059A01EB8201096B401AC82858
:1029700009DBFFE70A98059900EBC101087900F02F
:10298000FD000871FFE7FFE7FFE7FFE7FFE70598B6
:1029900001300590CDE60BB070BD000080B544F26B
:1029A0009C60C2F20000008880B1FFE744F29C60A6
:1029B000C2F20000018801390180028844F27C00E3
:1029C000C2F20000411CFDF76EFCFFE780BD000075
:1029D00080B5A0B0DDF888C08DF87E001E918DF81E
:1029E00077201C932299002008709DF87E001628FD
:1029F00012D1FFE705F0C6FD41F2C821C2F2000185
:102A000008601E989DF877101C9A229B06F0BEFD68
:102A10008DF87F0000F0C8BD9DF87E00172841D1D9
:102A2000FFE79DF87700042805D0FFE701208DF827
:102A30007F0000F0B9BD44F25440C2F2000090F8AB
:102A4000340070B9FFE744F25440C2F20000C08E77
:102A500038B9FFE743F61060C2F20000007828B1F1
:102A6000FFE704208DF87F0000F09EBD1E9807F060
:102A70003FFC1B901B9845F60141C0F2265188424D
:102A800005D3FFE703208DF87F0000F08DBD1B9874
:102A900043F61461C2F20001086000208DF87F0047
:102AA00000F082BD9DF87E00012805DBFFE79DF860
:102AB0007E00162805DBFFE702208DF87F0000F07E
:102AC00073BD9DF87E00122811D0FFE79DF87700B6
:102AD0009DF87E204AF29841C0F60001895C884248
:102AE00005D0FFE701208DF87F0000F05DBD05F007
:102AF00049FD41F2C821C2F20001086040F27D00A8
:102B0000C2F20000007868B1FFE79DF87E0001285E
:102B100008D0FFE79DF87E00032803D0FFE700F010
:102B20004FFEFFE79DF8770020B1FFE71E98007881
:102B30000C9002E000200C90FFE70C988DF86B00E1
:102B40009DF87E00062833DBFFE79DF87E000B280A
:102B50002EDCFFE79DF86B00062805D3FFE7032076
:102B60008DF87F0000F020BD44F25440C2F2000016
:102B700090F830009DF86B10C840C00728B9FFE7F7
:102B800004208DF87F0000F00FBD44F25440C2F2E3
:102B9000000090F8340050B1FFE79DF87E000B284C
:102BA00005D0FFE704208DF87F0000F0FDBCFFE7B3
:102BB00044F25440C2F2000090F83400A0B1FFE7A4
:102BC0009DF87E0005280AD0FFE79DF87E000C28BE
:102BD00005D0FFE79DF87E00102805D1FFE704200F
:102BE0008DF87F0000F0E0BC9DF87E0001380146C2
:102BF0000B91142800F2D0840B99DFE811F0420009
:102C00004D005B0062007200B300D8001D0130016E
:102C10003001A301E801500250029302B3022803DD
:102C2000570335034403150000F0CAFD44F2544035
:102C3000C2F2000000220A9280F8322080F831208F
:102C400090F83300114605F09BF80A9840F27D0297
:102C5000C2F200020121117040F27C01C2F20001B7
:102C6000087005F08FFC811C40F27800C2F2000071
:102C70000160006843F61C61C2F20001086000F0C8
:102C80008FBC1C994F2008701C994B2048702299CA
:102C90000220087000F084BC2299572008701C980C
:102CA00022990A784AF24041C0F60001FDF7B6FACF
:102CB00000F076BC1C9807F015FA2299087000F015
:102CC0006FBC00F07DFD42F60C51C2F20001002005
:102CD000087044F25441C2F2000181F8350000F05E
:102CE0005FBC9DF86B00402805DBFFE703208DF8F3
:102CF0007F0000F059BCFFF7E1FB9DF86B0044F248
:102D00005441C2F2000181F8300000208DF86A00C1
:102D1000FFE79DF86A00052822D8FFE79DF86B00C1
:102D20009DF86A10C840C00798B9FFE79DF86A008F
:102D300007F068FA9DF86A1044F25440C2F20000AD
:102D400000EBC100002101719DF86A0005F07EF8DA
:102D5000FFE7FFE79DF86A0001308DF86A00D8E7C9
:102D600000F01EBC1E984078022805DBFFE7032018
:102D70008DF87F0000F018BC1E98407828B9FFE756
:102D80009DF86B0007F03EFAFFE71E9840789DF82B
:102D90006B2044F25441C2F2000101EBC201087100
:102DA0009DF86B001E99497805F050F8F8E344F25D
:102DB0005440C2F2000090F83100A0B9FFE744F29D
:102DC0005440C2F2000090F8320060B9FFE705F00D
:102DD000D9FB43F61C61C2F200010968401AB0F148
:102DE000FF3F04DCFFE704208DF87F00DCE39DF863
:102DF0006B1044F25440C2F2000050F8310001F070
:102E000097FD20B9FFE703208DF87F00CCE39DF804
:102E10006B1044F25440C2F2000000EBC1000121EB
:102E200001719DF86B0005F011F89DF86B0007F03B
:102E3000F5F88DF87F00B7E39DF86B0007F0E2F935
:102E40009DF86B1044F25440C2F2000000EBC10048
:102E5000002101719DF86B0004F0F8FFA0E39DF8DC
:102E60007E000A2809D1FFE71E984078802804DBFD
:102E7000FFE703208DF87F0096E39DF87E000A2887
:102E800006D1FFE71E98407804F050FB099005E05A
:102E90001E98013007F02CFA0990FFE70998199065
:102EA000199801F045FDADF86200BDF8620020B947
:102EB000FFE703208DF87F0076E3BDF8620004F0A1
:102EC00045FF9DF86B2044F25441C2F2000141F8E5
:102ED00032009DF87E000A2804D1FFE71E98407852
:102EE00008900BE09DF86B1044F25440C2F20000D1
:102EF00050F83100FFF720FB0890FFE708999DF894
:102F00006B2044F25440C2F2000000EBC202D171C7
:102F10009DF86B1000EBC100407990B1FFE79DF880
:102F20006B00BDF8621007F053F99DF86B0044F296
:102F30005441C2F2000101EBC001C97901F098FED1
:102F4000FFE72DE31E984078022804DBFFE703200B
:102F50008DF87F0028E39DF86B1044F25440C2F2D4
:102F6000000000EBC10080791E994978884201D1A8
:102F7000FFE715E39DF86B0005F05EFC9DF86B1014
:102F8000012000FA01F240F29801C2F20001087833
:102F9000104308701E9840789DF86B2044F254410D
:102FA000C2F2000101EBC20188719DF86B001E990D
:102FB000497804F02BFF05F0E5FA02309DF86B200C
:102FC00040F28001C2F2000141F82200E8E29DF8DF
:102FD0006B00082804DBFFE703208DF87F00E3E2A5
:102FE00041F2C430C2F20000007840B3FFE741F282
:102FF000B030C2F20000007820B1FFE704208DF865
:103000007F00D1E200201790FFE717987F2815D89E
:10301000FFE7179800EB800142F2D400C2F20000F3
:1030200000EB8100007C20B1FFE704208DF87F00D9
:10303000BAE2FFE7179801301790E6E7FFE70020B4
:103040008DF85B00FFE79DF85B00052816D8FFE7C9
:103050009DF85B1044F25440C2F2000000EBC10046
:10306000407920B1FFE704208DF87F009CE2FFE764
:103070009DF85B0001308DF85B00E4E79DF86B1074
:1030800044F25440C2F2000080F8331090F831103E
:1030900090F8322090F8330004F072FE80E29DF840
:1030A0006B00022804DBFFE703208DF87F007BE242
:1030B0009DF86B0020B1FFE7002007F0D3F8FFE791
:1030C0009DF87E000D2809D1FFE79DF86B0044F2C2
:1030D0005441C2F2000181F831000EE09DF86B000E
:1030E00044F25441C2F2000181F8320042F60A6112
:1030F000C2F2000100200870FFE744F25440C2F21F
:10310000000090F8311090F8322090F8330004F06D
:1031100037FE05F037FA023043F61C61C2F20001B7
:1031200008603DE2002007F09DF844F25440C2F2EE
:1031300000000122079280F8322090F8311090F8B8
:10314000330004F01DFE079842F60A61C2F2000146
:10315000087005F017FA023043F62061C2F2000150
:1031600008601DE244F25440C2F2000090F83100C1
:1031700010BBFFE744F25440C2F2000090F8320066
:10318000D0B9FFE744F25440C2F20000C08E98B1BB
:10319000FFE743F61160C2F20000007860B9FFE774
:1031A00005F0F0F943F61C61C2F200010968401A0B
:1031B000B0F1FF3F04DCFFE704208DF87F00F3E16E
:1031C00000208DF85A00FFE79DF85A00052819D80D
:1031D000FFE79DF85A0007F015F89DF85A1044F2E1
:1031E0005440C2F2000000EBC100002101719DF8C3
:1031F0005A0004F02BFEFFE79DF85A0001308DF8CD
:103200005A00E1E744F25441C2F200010591002066
:103210000690886305F0B6F905990246069864326F
:1032200042F6AC43C2F200031A6040F2B403C2F2A9
:1032300000031A6801321A60012281F8342042F634
:103240000C52C2F20002107081F83500A8E19DF81E
:103250006B00022804DBFFE703208DF87F00A3E169
:10326000012006F0FFFF9BE144F25440C2F200004F
:1032700090F8340020B1FFE704208DF87F0093E13F
:10328000FFF71CF98CE144F25440C2F20000C18EF9
:10329000C1F500711C9A1170C08EC0F50070000A53
:1032A0001C99487022990220087079E143F6106059
:1032B000C2F20000007820B1FFE704208DF87F0003
:1032C00072E19DF87700A8B1FFE79DF8770049F615
:1032D0009812C1F699124CF6CD41CCF6CC4100FBC8
:1032E00001204FEA700049F69911C1F69911884200
:1032F00004D3FFE701208DF87F0055E19DF87700AA
:103300004CF6CD41CCF6CC41A0FB0110C0088DF8A5
:1033100059009DF8590044F25441C2F20001C98E8F
:10332000C1F50071884204DDFFE705208DF87F00BC
:103330003AE141F2C020C2F200000068159040F26C
:10334000D400C2F2000000788DF8530000208DF800
:103350005200FFE79DF852009DF85910884280F214
:103360009380FFE71E989DF8521001EB810100EB5E
:1033700041001390139806F0BBFF1290139806308B
:1033800006F0B6FF1190139800798DF8430013985A
:1033900040798DF842009DF85300F0B9FFE712988C
:1033A0001599884219D3FFE7129845F60041C0F2FB
:1033B0002651884211D8FFE744F25440C2F200007F
:1033C00090F8340068B1FFE7129844F25441C2F219
:1033D0000001896B884204D2FFE706208DF87F0048
:1033E000E2E09DF84200032804DBFFE703208DF8AC
:1033F0007F00D9E09DF84200022810D1FFE79DF838
:103400004300FF2803D1FFE7119820B1FFE7032015
:103410008DF87F00C8E001208DF853002BE09DF867
:10342000430005280CD8FFE744F25440C2F20000E4
:1034300090F830009DF84310C840C00720B9FFE75E
:1034400004208DF87F00AFE09DF84200012805D1EF
:10345000FFE7119801F06CFA38B1FFE79DF84200E0
:1034600038B9FFE7119820B1FFE703208DF87F00FE
:103470009AE0FFE7FFE712981590FFE79DF85200EA
:1034800001308DF8520065E700208DF84100FFE71C
:103490009DF841009DF8591088425BDAFFE71E98BD
:1034A0009DF8411001EB810100EB41000F9044F2C7
:1034B0009440C2F2000003900188049142F60C602F
:1034C000C2F20000019000EBC10002900F9806F0DC
:1034D0000FFF01460D9861F31A000D900F980079C7
:1034E00000F007010D9820F0605040EAC1600D9097
:1034F0000F9841790D9820F0404040EA81700D907E
:103500000F98063006F0F4FEDDF804C0029A039925
:10351000DDF810E003460E9863F317000E90FF20CD
:103520008DF83B000D9B0E984CF83E30506008889B
:1035300001306FF35F20088044F25441C2F2000171
:10354000C88E0130C886FFE79DF8410001308DF834
:1035500041009DE7159841F2C021C2F200010860C8
:103560009DF8530040F2D401C2F20001087006F049
:10357000F9FC44F25440C2F20000C18EC1F5007162
:103580001C9A1170C08EC0F50070000A1C9948701A
:1035900022990220087003E002208DF87F0003E0EA
:1035A00000208DF87F00FFE79DF87F0020B080BDF0
:1035B00040F2B400C2F200000068704782B08DF89B
:1035C00007009DF807100020052900903FD8FFE76D
:1035D00044F25440C2F2000090F8341000200090F1
:1035E000A9B3FFE744F25440C2F2000090F8311052
:1035F0000020009059BBFFE744F25440C2F20000A3
:1036000090F832100020009009BBFFE744F25440CC
:10361000C2F2000090F830109DF807200020D14041
:10362000C907009099B1FFE79DF8071040F2BC0070
:10363000C2F2000050F8211044F25440C2F20000DF
:10364000826B0020914288BF01200090FFE7009824
:1036500000F0010002B0704780B58EB00C908DF87C
:103660002F100A9200208DF8270044F25440C2F235
:10367000000090F8340020B9FFE700208DF83700F3
:1036800099E00020089040F6F860C2F2000000883F
:103690000790FFE7089944F25440C2F20000C28E3E
:1036A0000020914203900AD2FFE79DF827109DF871
:1036B0002F2000209142B8BF01200390FFE703981C
:1036C000C007002872D0FFE7079942F60C60C2F2EB
:1036D000000000EBC100069042F6AC40C2F20000D0
:1036E00000680699096821F0784108440590069819
:1036F00001680220B0EB917F06D0FFE705980A9998
:10370000401A652801DBFFE750E0069801680120B8
:10371000B0EB917F07D1FFE705980A99401AB0F105
:10372000FF3F01DCFFE738E00C989DF827104A1CAA
:103730008DF8272001EB810100EB410004900498F3
:10374000059905F007FF06980068C0F3C260049968
:1037500008710698C0797F2804DCFFE70698C079D5
:10376000029007E00698406820F07F40FEF7E4FEF4
:103770000290FFE70298049948710498063001907E
:103780000698406820F07F4001F0D2F804F0DEFA9D
:103790000146019805F0DEFEFFE708980130089029
:1037A000079801306FF35F20079073E79DF82700BB
:1037B0008DF83700FFE79DF837000EB080BD0000A0
:1037C00080B582B040F27D01C2F20001002000907D
:1037D000087040F29801C2F20001087041F2B03165
:1037E000C2F20001087041F2CB31C2F20001087050
:1037F00041F2C431C2F20001087041F2A331C2F2B9
:1038000000014FF0FF30888008600120019006F031
:1038100029FD0099019A44F25440C2F2000080F858
:10382000322080F8312042F60A63C2F20003197098
:1038300090F83300114604F0A3FA02B080BD0000F6
:1038400080B582B08DF80700FFF7BAFF9DF807003A
:1038500042F60C51C2F2000108709DF8070044F2D4
:103860005441C2F2000181F83500C86B0130C863D1
:1038700002B080BD41F20000C2F20000007841F2C7
:103880000701C2F200010978401A18BF01207047F1
:1038900080B584B00290FFF7EDFF20B9FFE700206C
:1038A0008DF80F003EE000200190FFE7019803280B
:1038B00015D8FFE741F20000C2F20000017840F69F
:1038C0000070C2F2000050F83100019AD100C840E7
:1038D00002998854FFE7019801300190E6E741F230
:1038E0000001C2F200010A7840F60070C2F2000046
:1038F00000EBC2021279029B1A710A7800EBC20235
:103900005279029B5A710A7800EBC2008079029AC0
:1039100090710878013000F01F00087001208DF8C8
:103920000F00FFE79DF80F0004B080BD80B584B0A4
:1039300042F60C51C2F2000100200290087043F6DA
:103940002061C2F20001086043F61C61C2F200016E
:10395000086041F2C021C2F20001086042F6AC41A9
:10396000C2F20001086042F60A61C2F2000108706A
:1039700040F2D401C2F20001087044F25440C2F295
:10398000000001904021FCF7FAFC019A029841F2F4
:103990000701C2F20001087041F20001C2F2000109
:1039A000087041F20103C2F200034FF0FF31998029
:1039B00019601E2182F830103F2182F830108DF8F6
:1039C0000F00FFE79DF80F0005281FD8FFE74520EF
:1039D000009003F0ABFD024600989DF80F3044F2D2
:1039E0005441C2F2000141F833209DF80F2001EB51
:1039F000C201C8719DF80F00002104F007FAFFE72B
:103A00009DF80F0001308DF80F00DBE7FFF7D8FEBF
:103A100004F0B8FD41F2C821C2F20001086004B010
:103A200080BD000040F20400C2F200000078704740
:103A300010B58CB00A908DF827108DF826209DF8CF
:103A4000270049F69812C1F699124CF6CD41CCF6F2
:103A5000CC4100FB01204FEA700049F69911C1F6F4
:103A60009911884204D3FFE701208DF82F00A7E0C9
:103A70009DF8260080B9FFE741F2C430C2F2000091
:103A8000007818B1FFE7FFF79BFEFFE703F0BEFBEE
:103A900000208DF82F0093E040F20400C2F20000F5
:103AA000007820B9FFE700208DF82F0088E004F0AF
:103AB00069FD089000200790FFE707989DF8271000
:103AC00088422FD2FFE70A98079908440690069883
:103AD000407900F07F008DF817009DF8170004284A
:103AE00017DCFFE79DF81700032812D0FFE70698C0
:103AF00080797F280DDCFFE70698C0797F2808DCF5
:103B0000FFE70698007A20B9FFE70698407A20B1CF
:103B1000FFE703208DF82F0052E0FFE707980A30F7
:103B20000790CAE700200490FFE704989DF827104B
:103B3000884237D2FFE70A9804990844039008980E
:103B4000DDF80CC09CF804109CF805209CF80630A9
:103B50009CF807C002F07F02EE460024CEF8044035
:103B6000CEF800C003F076F88DF80B009DF80B003E
:103B700048B1FFE79DF80B00FFF762FE9DF80B00D0
:103B80008DF82F001CE0039840790006002804D52A
:103B9000FFE7089802F0B4FBFFE7FFE704980A305C
:103BA0000490C2E742F2D400C2F2000090F8CE1BAB
:103BB00000F6BC3000F02AF800208DF82F00FFE757
:103BC0009DF82F000CB010BD80B582B08DF80700B5
:103BD000FFF7F6FD9DF8070002280AD1FFE740F243
:103BE0000400C2F200000078B0FA80F040090090B2
:103BF00003E09DF807000090FFE7009840F2040101
:103C0000C2F20001087002B080BD000080B584B02F
:103C100003908DF80B109DF80B00072801DBFFE7E0
:103C20008FE000208DF80A00FFE79DF80A009DF85C
:103C30000B1088422CDAFFE703989DF80A10405CCD
:103C4000802801DBFFE77CE000208DF80900FFE71A
:103C50009DF809009DF80A10884212DAFFE70399DF
:103C60009DF80900085C9DF80A20895C884201D112
:103C7000FFE766E0FFE79DF8090001308DF80900D5
:103C8000E6E7FFE79DF80A0001308DF80A00CCE76F
:103C900004F078FC0190019841F2C821C2F20001C1
:103CA000086041F2C031C2F20001086041F2C43143
:103CB000C2F2000101200090087003999DF80B20CA
:103CC00041F2C530C2F20000FCF7A8FA00989DF856
:103CD0000B1041F2B032C2F20002117041F2CB314E
:103CE000C2F20001087044F25440C2F2000090F8A1
:103CF000310040B9FFE744F25440C2F2000090F8AE
:103D00003200D8B1FFE744F25440C2F20000002272
:103D100080F8322080F8312042F60A61C2F20001B8
:103D20000A7090F83300114604F02AF80198023026
:103D300043F61C61C2F200010860FFE700F004F8DE
:103D4000FFE704B080BD000080B584B000F072F8D9
:103D500004F018FC039000208DF80B00FFE79DF89D
:103D60000B00052863D8FFE740F29800C2F200007C
:103D700000789DF80B10C840C00770B1FFE70398AA
:103D80009DF80B2040F28001C2F2000151F8221090
:103D9000401AB0F1FF3F01DCFFE742E09DF80B1055
:103DA000012000FA01F240F29801C2F20001087805
:103DB000904308709DF80B1044F25440C2F200008A
:103DC00000EBC100407958B3FFE79DF80B1044F2B7
:103DD0005440C2F2000000EBC100007900B3FFE7DD
:103DE00044F25440C2F2000090F83100C0B9FFE73D
:103DF00044F25440C2F2000090F8320080B9FFE76C
:103E00009DF80B10019144F25440C2F2000050F8AA
:103E1000310000F08DFD0146019804F099FCFFE7A8
:103E2000FFE79DF80B0001308DF80B0097E704B019
:103E300080BD000080B58EB004F0A4FB0D9041F26F
:103E4000C430C2F20000007878B1FFE70D9841F26B
:103E5000C031C2F200010968401AB0F5967F04D95A
:103E6000FFE70820FFF7ECFC98E241F2CB30C2F20A
:103E70000000007868B1FFE70D9843F61C61C2F2BC
:103E800000010968401A002803D4FFE701F0A2FFEF
:103E9000FFE741F2C430C2F20000007808B1FFE74A
:103EA0007CE242F60A60C2F20000007820B3FFE72D
:103EB0000D9843F62061C2F200010968401A0028FB
:103EC0001AD4FFE742F60A60C2F200000022027034
:103ED00044F25440C2F2000080F8322090F83110D1
:103EE00090F8330003F04CFF0D98023043F61C614C
:103EF000C2F200010860FFE744F25440C2F2000041
:103F000090F834008DF8330000208DF83200FFE780
:103F10009DF83200052815D8FFE79DF8321044F2CD
:103F20005440C2F2000000EBC10001799DF833005B
:103F300008438DF83300FFE79DF8320001308DF81B
:103F40003200E5E79DF83300B0B1FFE740F27D00B5
:103F5000C2F20000007878B9FFE70D9841F2C8215D
:103F6000C2F200010968401AB0F5FA6F04D9FFE700
:103F70000820FFF765FC11E240F27D00C2F200006C
:103F80000078002800F0DE80FFE70D9840F278010D
:103F9000C2F200010968401A002800F1D280FFE750
:103FA00040F27C00C2F200000078062872D1FFE7E0
:103FB0000D9840F27801C2F200010968401A0B9096
:103FC0000B98B0F5C87F03D3FFE7FFF7F9FBE5E1F6
:103FD0000B984CF6CD41CCF6CC41A0FB0110C008AB
:103FE00000EB800040000B9000200A90FFE70A9849
:103FF00005284ED8FFE70A9944F25440C2F2000067
:1040000000EBC100407900283ED0FFE70A994AF250
:10401000AE40C0F60000405C03F088FA014644F66A
:104020002060091A0B9AC2F5C872514348F21F5218
:10403000C5F2EB12A1FB022100EBD1100990099807
:1040400000F076FCADF82200BDF8220003F07EFE01
:1040500009900A9944F25440C2F2000050F831002D
:10406000099988420FD0FFE709980A9A44F254410F
:10407000C2F2000141F832009DF82800BDF822107C
:1040800006F0A6F8FFE7FFE7FFE70A9801300A907D
:10409000ADE755E040F27C02C2F200021078411C0C
:1040A0001170079044F25440C2F2000090F83000C2
:1040B0000799C840C00780B3FFE7079944F254400E
:1040C000C2F20000029000EBC100012101719DF8D5
:1040D0001C0003F0BBFE029A079B4AF2AE40C0F6FA
:1040E0000000C15C02EBC302D1710799405C03F090
:1040F0001DFA0299079A41F832009DF81C0005F05C
:104100008DFF8DF81B009DF81B0028B1FFE79DF87F
:104110001B00FFF795FB41E1FFE70D9840F27C01A2
:10412000C2F200010A784FF4C871062A08BF4FF4A2
:10413000FA61084440F27801C2F200010860FFE72A
:10414000FFE72BE144F25440C2F2000090F8340043
:1041500058B1FFE70D9842F6AC41C2F20001096880
:10416000401AB0F1FF3F01DCFFE717E10D9842F67E
:10417000AC41C2F200010968401A44F25441C2F253
:1041800000018863FFE744F25440C2F20000C18E90
:1041900000200190C1B1FFE740F6F860C2F20000D4
:1041A000018842F60C60C2F2000050F8310020F0A5
:1041B000784144F25440C2F20000826B00209142E8
:1041C00098BF01200190FFE70198C007002800F088
:1041D000DA80FFE740F6F861C2F200010B8842F690
:1041E0000C62C2F2000202EBC30052F833200492C8
:1041F00040680590088801306FF35F20088044F222
:104200005441C2F20001C88E0138C88604990220C8
:10421000B0EB917F04D1FFE7012006F023F8BDE069
:1042200004990320B0EB917F01D1FFE7ABE704993C
:104230000020B0EB917F46D1FFE79DF8130000F01E
:10424000380144F25440C2F20000084440798DF82D
:104250000F009DF80F00A8B3FFE70498C0F3C260F9
:1042600005F0D0FF9DF8130000F0380144F25440EF
:10427000C2F200000844002101710498C0F3C2603A
:1042800003F0E4FD049921F07840C1F3C26240F2EA
:104290009C01C2F2000141F822000498C0F3C261FF
:1042A000012000FA01F240F2B801C2F200010878E0
:1042B000104308700499C1F3C26021F0784104F002
:1042C00057FCFFE75EE00498C0F3C26240F2BC0115
:1042D000C2F20001002041F822000498C0F3C2613C
:1042E000012000FA01F240F2B801C2F200010878A0
:1042F00090430870059820F07F4000F019FB03F010
:1043000025FD9DF8131001F0380244F25441C2F229
:10431000000188509DF817007F2804DCFFE79DF816
:104320001700009006E0059820F07F40FEF704F9A2
:104330000090FFE700999DF8130000F0380244F266
:104340005440C2F200000244D1719DF8131001F0F4
:1043500038010844012101710498C0F3C26003F0E0
:1043600075FD0498C0F3C26005F058FE8DF80E008C
:104370009DF80E0028B1FFE79DF80E00FFF760FAE8
:104380000CE0FFE7FFE644F25440C2F20000C08EAA
:1043900020B9FFE70A20FFF753FAFFE70EB080BD10
:1043A00081B000900098B0F80212B0F80002C0434B
:1043B00008446FF35F2001B07047000085B004909F
:1043C0000391029200200190FFE70498B0F80212D6
:1043D000B0F8002200209142009008D0FFE7019938
:1043E000029A0020914238BF01200090FFE7009818
:1043F000C00790B1FFE70498B0F80212405C03993F
:10440000019A531C019388540499B1F802020130B7
:104410006FF35F20A1F80202D7E7019805B070475B
:1044200080B588B006900591049204990020072970
:1044300001900FD3FFE705980179002040290190F2
:1044400008DBFFE70598017900204629B8BF012065
:104450000190FFE7019800F00100002818BF4020FC
:10446000039004980399084400900698FFF798FF7A
:1044700001460098884203D9FFE7002007901EE01C
:1044800000200290FFE702980499884214D2FFE7C7
:1044900005980299405C0699B1F800228854069963
:1044A000B1F8000201306FF35F20A1F80002FFE7CE
:1044B000029801300290E6E701200790FFE7079895
:1044C00008B080BD10B586B00590049103920598A0
:1044D00000EB800142F2D400C2F2000000EB810147
:1044E00002910499084490F8C80BFF2803D1FFE714
:1044F000002000900CE0049942F2D400C2F20000C7
:10450000084490F8C80B0299097B401A0090FFE715
:10451000009801900198B0F1FF3F04DCFFE701989B
:1045200040420190FFE7049942F2D403C2F2000333
:1045300003EB8100D0F8A4EB029A94680398405CE6
:10454000FF3818BF0120C00500F1807CA64518BFC8
:1045500060460B4493F8C23B92F80CC000F5800211
:10456000634518BF1046019A01EBC201084306B02B
:1045700010BD000080B58EB00C900B910A92002007
:104580008DF821000790FFE70798052865D8FFE719
:1045900042F2D400C2F2000090F8D10B0799C84053
:1045A000C007002854D0FFE70C9800EB800142F2CE
:1045B000D400C2F2000000EB8100407C78B1FFE73C
:1045C0000C9800EB800142F2D400C2F2000000EB34
:1045D0008100407C07990131884239D1FFE79DF87D
:1045E0002100411C8DF821100690FFE7069900205C
:1045F0000290C1B1FFE70C9807990B9AFFF762FF91
:1046000001900C9806990DF12202114411F8011C39
:104610000B9AFFF757FF019902460020914238BFDD
:1046200001200290FFE70298C00758B1FFE7069A01
:104630000DF12201881810F8010C885406980138F1
:104640000690D3E70798069A0DF122018854FFE7F8
:10465000FFE707980130079096E700200590FFE7F5
:1046600005989DF8211088423CD2FFE705990DF18D
:104670002200405C04900A9800780499C840C00762
:1046800008B1FFE72AE00499012000FA01F20A9933
:104690000878104308700B980499405C03900398C5
:1046A000FF2813D0FFE7039800EB800142F2D4000B
:1046B000C2F2000000EB8100407C70B9FFE7039874
:1046C0000B990A9AFFF756FF38B1FFE70C980B9940
:1046D000049A885401200D9007E0FFE70598013007
:1046E0000590BDE700200D90FFE70D980EB080BD4E
:1046F00080B5B2B0319030910EA88021FBF71DFE3D
:1047000000200D904FF0FF31ADF8BC102E910C90B1
:10471000FFE70C9900207F2903900DD8FFE70D9942
:1047200042F2D400C2F2000090F8CF2B0020914258
:1047300038BF01200390FFE70398C007002800F06E
:10474000B180FFE74FF0FF300B9000200A90FFE7A9
:104750000A987F287CD8FFE70A9800EB800142F294
:10476000D400C2F2000000EB8100007C00286AD077
:10477000FFE70A990EA8405C002864D1FFE70A9879
:1047800000EB800142F2D400C2F2000000EB810095
:1047900009900B98B0F1FF3F03DCFFE70998029006
:1047A0000AE00B9800EB800142F2D400C2F2000054
:1047B00000EB81000290FFE7029808900B98002818
:1047C0003DD4FFE70998407C002818BF01200899D4
:1047D000497C002918BF0121884230DCFFE7099895
:1047E000407C002818BF01200899497C002918BF87
:1047F0000121884226D1FFE70998807B0899897BAF
:1048000088421CDCFFE70998807B0899897B8842F5
:1048100018D1FFE7099800680899096888420ED303
:10482000FFE7099800680899096888420AD1FFE7FC
:104830000998806808998968884203D2FFE70A9836
:104840000B90FFE7FFE7FFE70A9801300A907FE748
:104850000B98B0F1FF3F01DCFFE723E00B9A0EA9B4
:104860000120885400208DF81700BDF8BC00ADF879
:104870001C002E9806900B9806A90DF11702FFF761
:1048800079FE50B1FFE7BDF81C00ADF8BC000698FA
:104890002E900D9801300D90FFE7FFE70C98013046
:1048A0000C9036E700200490FFE7049805283CD8D8
:1048B000FFE704992EA8405CFF2803D1FFE7FF2003
:1048C00001900DE004992EA8405C00EB800142F2BB
:1048D000D400C2F2000000EB8100007B0190FFE7F2
:1048E00001983199049A885404992EA8405CFF28B5
:1048F00003D1FFE7002000900DE004992EA8405C52
:1049000000EB800142F2D400C2F2000000EB810013
:1049100080680090FFE700983099049A41F82200DF
:10492000FFE7049801300490BFE732B080BD00007B
:1049300082B00090009844F62061884208D3FFE7D7
:10494000009844F68171C0F21201884204D3FFE757
:104950000020ADF806000BE0009946F20050C1F6C9
:10496000CD5000EB5100B0FBF1F0ADF80600FFE7D1
:10497000BDF8060002B0704784B0039002914FF674
:10498000FF70ADF80600FFE70298411E029120B3C8
:10499000FFE70398411C03910178BDF8060080EA07
:1049A0000120ADF8060000200090FFE700980728DE
:1049B00012D8FFE7BDF80620500041F2210181EA3C
:1049C00042011204002A48BF0846ADF80600FFE77E
:1049D000009801300090E9E7D6E7BDF8060004B082
:1049E0007047000084B0039002914FF6FF70ADF85D
:1049F0000600FFE70298411E029120B3FFE70398EB
:104A0000411C03910178BDF8060080EA0120ADF851
:104A1000060000200090FFE70098072812D8FFE763
:104A2000BDF80620500041F2210181EA4201120442
:104A3000002A48BF0846ADF80600FFE7009801309D
:104A40000090E9E7D6E7BDF8060004B07047000023
:104A500080B586B0DDF820C004908DF80F108DF879
:104A60000E2002930898F12803D3FFE70020059059
:104A700032E00499C720087004993A2048709DF8E4
:104A80000F00049988709DF80E000499C87008986A
:104A900004990871089838B1FFE704980530029925
:104AA000089AFBF7BBFBFFE7049802300899033133
:104AB000FFF798FFADF806009DF80600049A0899E4
:104AC000114448719DF80700049A089911448871AF
:104AD000089807300590FFE7059806B080BD0000F4
:104AE00080B588B006908DF817100698D0F8F800B9
:104AF000F7280AD1FFE70698411CD0F8F820013AC0
:104B0000C0F8F820FBF7CFFBFFE79DF817000699E8
:104B1000D1F8F820531CC1F8F830885400200490D4
:104B2000FFE7049807300699D1F8F81088424FD86B
:104B3000FFE70698049908440390039800790290CF
:104B400002980730019003980078C7281CD1FFE72E
:104B5000039840783A2817D1FFE703988078012816
:104B600005D0FFE70398807802280DD1FFE702986F
:104B7000F02809D8FFE70498019908440699D1F86C
:104B8000F810884201D0FFE71EE003980230029936
:104B90000331FFF7F1FE039A02991144B1F80510B1
:104BA000884201D0FFE70FE0049830B1FFE7069894
:104BB0000399019AFBF777FBFFE706990020C1F8FC
:104BC000F8000120079006E0049801300490A8E75F
:104BD00000200790FFE7079808B080BD80B582B03D
:104BE0008DF807008DF806108DF8052041F20700BA
:104BF000C2F200000078013000F01F008DF80400C0
:104C00009DF8040041F20001C2F2000109788842D7
:104C10000AD1FFE741F20001C2F200010878013039
:104C200000F01F000870FFE703F0ACFC41F2070141
:104C3000C2F200010B7840F60072C2F2000242F8A4
:104C400033009DF807000B7802EBC30318719DF841
:104C500006000B7802EBC30358719DF805000B7832
:104C600002EBC30290719DF80400087002B080BD91
:104C700080B582B08DF807008DF806109DF80710FA
:104C800041F20100C2F20000405C9DF8061088422B
:104C900001D1FFE72BE09DF8071041F20100C2F2BD
:104CA0000000405C7F280BDCFFE79DF8070041F225
:104CB0000101C2F20001095C0022FFF78FFFFFE74C
:104CC0009DF806007F2808DCFFE79DF807009DF8A7
:104CD00006106422FFF782FFFFE79DF806009DF8AB
:104CE000072041F20101C2F200018854FFE702B03F
:104CF00080BD000080B59EB01C901C9800788DF897
:104D00006F001C9840788DF86E0000208DF8280008
:104D10008DF827001C98D0F8020008909DF86E00CE
:104D2000062804DBFFE702208DF877006DE29DF88E
:104D30006F00012805D0FFE79DF86F00022836D1EB
:104D4000FFE742F6B840C2F20000007878B3FFE710
:104D500042F6FB40C2F200000078092827DBFFE79B
:104D600042F6B741C2F2000108780130087000062F
:104D700040B9FFE742F6B741C2F2000108780130BE
:104D80000870FFE742F6B740C2F20000007842F632
:104D9000B041C2F2000108701C988288A1F8052079
:104DA0000068C1F8010000208DF877002DE29DF821
:104DB0006F0001281CD1FFE741F2A130C2F20000D0
:104DC0000078A8B1FFE742F6B840C2F200000078D0
:104DD00070B9FFE740F27600C2F20000007838B9FF
:104DE000FFE70220FEF7F0FE00208DF877000CE2CE
:104DF0009DF86F00012805D0FFE79DF86F0002289D
:104E000004D1FFE70A208DF87700FEE19DF86F00DE
:104E10000B2804DBFFE702208DF87700F5E142F66E
:104E2000B840C2F20000007840B1FFE79DF86F0083
:104E300020B1FFE706208DF87700E6E19DF86F00CE
:104E400058B1FFE741F20800C2F20000007820B933
:104E5000FFE708208DF87700D7E19DF86F0008B3D1
:104E6000FFE79DF86F0006281CD0FFE79DF86F0054
:104E7000072817D0FFE741F2D030C2F200000078D7
:104E800080B1FFE703F07EFB41F2CC31C2F20001BA
:104E90000968401AB0F5967F04D8FFE707208DF81F
:104EA0007700B2E19DF86F00A8B9FFE700200690F7
:104EB000FEF78AFE069842F6B841C2F20001097870
:104EC000B1FA81F1490941F22502C2F200021170E2
:104ED0008DF8770099E19DF86E008DF869000898CB
:104EE0008DF86A009DF86F00033801460591072888
:104EF00000F2D5800599DFE801F004182E485E869F
:104F00009FAF0DF1690004900130089900F0D6FEC2
:104F100004996A460AA81060092005220DF12903A8
:104F2000FDF756FD8DF82700BDE00898022804D350
:104F3000FFE702208DF8770067E169460AA808605C
:104F400006200DF1690102220DF12903FDF740FD54
:104F50008DF82700A7E00898022804D3FFE7022075
:104F60008DF8770051E108990820002918BF072023
:104F70006A460AA911600DF1690101220DF12903A8
:104F8000FDF726FD8DF827008DE00898022804D350
:104F9000FFE702208DF8770037E169460AA808602C
:104FA0000B200DF1690102220DF12903FDF710FD1F
:104FB0008DF8270077E00898A0B1FFE7089801284E
:104FC00010D0FFE7089802280CD0FFE708980328C4
:104FD00008D0FFE70898072804D0FFE702208DF8E3
:104FE000770012E108988DF8690069460AA8086000
:104FF0000C200DF1690101220DF12903FDF7E8FCF8
:105000008DF827004FE00898022804D3FFE702201C
:105010008DF87700F9E008988DF8690069460AA8CC
:1050200008600D200DF1690101220DF12903FDF742
:10503000CFFC8DF8270036E001228DF86920694603
:105040000AA808600E200DF169010DF12903FDF792
:10505000BFFC8DF8270026E000208DF86900694626
:105060000AA808600D200DF1690101220DF1290344
:10507000FDF7AEFC8DF827009DF8270070B9FFE71B
:1050800069460AA808600E200DF1690101220DF1A0
:105090002903FDF79DFC8DF82700FFE703E00220C0
:1050A0008DF87700B1E09DF82700F8B9FFE79DF88B
:1050B0006F0007281AD0FFE79DF86F0006280ED171
:1050C000FFE741F2D030C2F20000007870B9FFE78C
:1050D00040F27600C2F20000007838B9FFE741F2F2
:1050E0002501C2F2000101200870FFE79DF82700AA
:1050F000042868D1FFE744F25440C2F2000090F85F
:10510000320020B1FFE703208DF877007DE044F204
:105110005440C2F2000090F8310020B1FFE70420B3
:105120008DF8770071E044F25440C2F2000090F82C
:1051300030009DF86E10C840C00720B9FFE7052079
:105140008DF8770061E044F25440C2F2000090F81C
:10515000340080B9FFE79DF86F0006280FD1FFE704
:105160009DF86E1044F25440C2F2000000EBC10002
:10517000407920B1FFE709208DF8770045E09DF8E0
:105180006F0007281BD1FFE700200790FFE7079873
:10519000052813D8FFE7079944F25440C2F20000F3
:1051A00000EBC100407920B1FFE709208DF87700BE
:1051B0002BE0FFE7079801300790E8E7FFE70B20B7
:1051C0008DF8770021E09DF8270018B9FFE700204F
:1051D000039016E09DF8271001200329029008D0C3
:1051E000FFE79DF827000138B0FA80F040090290EF
:1051F000FFE70298C1070120002918BF0220039091
:10520000FFE703988DF87700FFE79DF877001EB061
:1052100080BD000080B58AB08DF8270003F0B2F998
:10522000089041F29C10C2F20000007888B1FFE7BC
:10523000089841F20C01C2F200010968401A652881
:1052400007D3FFE741F29C11C2F200010020087071
:10525000FFE7089841F20C01C2F2000108609DF8D6
:10526000271041F29C10C2F2000003785A1C027011
:1052700041F21002C2F20002D15400780C2801DC85
:10528000FFE781E141F21000C2F200000078A5289A
:1052900040F06681FFE741F21000C2F20000407862
:1052A0005A2840F05D81FFE741F21000C2F2000091
:1052B0008078062840F05481FFE741F21000C2F2E6
:1052C00000000079502840F04B81FFE741F21000C8
:1052D000C2F2000002900230092103F0F7FC0299AB
:1052E000B1F80B10884240F03B81FFE741F210001B
:1052F000C2F200000530079000208DF81B008DF8E9
:105300001A0041F22401C2F200010120087008983D
:1053100041F22001C2F20001086007980078FF28DE
:1053200040F08080FFE70798417800200190D1B9D4
:10533000FFE70798817800200129019013D1FFE74A
:105340000798C1780020019069B9FFE707980179B3
:105350000020019039B9FFE707984079B0FA80F052
:1053600040090190FFE7019800F0010141F20800B7
:10537000C2F200000170007880B9FFE741F2250019
:10538000C2F20000007848B1FFE7FEF719FA41F2D7
:105390002501C2F200010020087042E041F208003D
:1053A000C2F200000078D8B3FFE741F22500C2F254
:1053B00000000078A0B3FFE742F6B840C2F2000058
:1053C000007868BBFFE740F27600C2F20000007888
:1053D00030BBFFE744F25140C2F200000078F8B958
:1053E000FFE741F2D030C2F20000007858B1FFE789
:1053F000089841F2CC31C2F200010968401AB0F5B8
:10540000967F0DD9FFE700228DF8172007996B468C
:105410000DF117001860012006ABFDF7D9FAFFE780
:10542000FFE796E000200490FFE704980F2848D893
:10543000FFE7049941F29400C2F2000000EB011072
:10544000007AC8B3FFE7049941F29400C2F2000069
:1054500000EB0110807941F21001C2F20001C9781D
:10546000884229D1FFE70898049A41F29401C2F2D8
:10547000000101EB0211C968401A00097C281BD801
:10548000FFE7049941F29400C2F2000000EB011022
:1054900007990622FAF796FE70B9FFE7049941F2E0
:1054A0009400C2F2000000EB0110C0798DF81B00DF
:1054B00001208DF81A0004E0FFE704980130049001
:1054C000B3E79DF81A00C0BBFFE741F29412C2F2A5
:1054D00000021068411C116000F00F000390079853
:1054E000FFF708FC8DF81B00039941F29400C2F20B
:1054F000000000EB01124FEA011C07990B6840F80D
:105500000C308988918041F21001C2F20001C97803
:10551000039A00EB021291719DF81B10039A00EBA5
:105520000212D1710899039A00EB0212D16003991B
:1055300000EB011101200872FFE741F21000C2F2F6
:105540000000C17851200DF11B02012300F0CEFBB9
:10555000FFE741F29C11C2F200010020087013E045
:1055600041F21001C2F20001D1F80100D1F805208A
:10557000D1F809308B604A60086041F29C11C2F298
:1055800000010C200870FFE70AB080BD80B5ECB0C8
:105590008DF8AF0102F0F6FF6A900DF5A5705E215F
:1055A000FAF7CBFE03208DF84A0101208DF84B015C
:1055B0009DF8AF0188B3FFE744F25140C2F200000A
:1055C000007850B3FFE76A9844F24441C2F2000108
:1055D0000968401A952807D8FFE744F24440C2F210
:1055E00000000068C0B9FFE744F24840C2F2000082
:1055F000017844F27830C2F20000037844F2793244
:10560000C2F20002702000F071FB6A9844F244413B
:10561000C2F200010860FFE74DE341F2D030C2F270
:105620000000007890B1FFE76A9841F2CC31C2F2F5
:1056300000010968401AB0F5967F07D8FFE741F2EC
:105640002501C2F2000100200870FFE741F22400AA
:10565000C2F20000007808B9FFE72CE36A9841F233
:105660002001C2F200010968401AB0F5967F22D9E4
:10567000FFE741F22500C2F20000007818B1FFE711
:10568000FEF79EF8FFE741F20801C2F20001002098
:10569000087041F22401C2F20001087041F22501B4
:1056A000C2F20001087041F22C00C2F20000682131
:1056B000FAF765FEFFE29DF8AF0108B9FFE7FAE2ED
:1056C0006A985190FEF7D6F8002842D0FFE70020F4
:1056D0004E90FFE74E99002007290F9009D8FFE769
:1056E0000DF23D10FEF7D4F8002818BF01200F90EE
:1056F000FFE70F98C00720B3FFE70DF23D1004F05D
:1057000087FC51909DF8430120B1FFE79DF84201CD
:105710000E9002E0FF200E90FFE70E989DF84121C9
:1057200041F22601C2F200018854422000210DF20C
:105730003D12072300F0DAFAFFE74E9801304E9051
:10574000C8E7FEF797F818B9FFE76A985190FFE7A6
:10575000FFE76A9841F29811C2F200010968401A05
:10576000132801D8FFE7A6E26A9841F29811C2F225
:105770000001086051990DF5A5700D9000F09EFA9A
:105780000D9A43200021042300F0B0FA0D985E2109
:10579000FAF7D3FD03208DF84A0101208DF84B0163
:1057A00044F25440C2F2000090F831108DF84C11D0
:1057B00090F832108DF84D1190F833108DF84E118D
:1057C00090F830008DF84F0141F2A130C2F2000094
:1057D0000078C8B1FFE742F6B840C2F20000007896
:1057E00090B9FFE740F27600C2F20000007858B9A5
:1057F000FFE7FEF717F938B9FFE79DF84B0140F0D6
:1058000004008DF84B01FFE740F27600C2F2000081
:10581000007858B1FFE70DF5A570063044F2544109
:10582000C2F20001896B00F049FAFFE742F6B84086
:10583000C2F200000078002800F08C80FFE742F6FA
:10584000FB40C2F2000000780928C0F28380FFE725
:1058500042F6C040C2F20000D0F80110D0F8052096
:10586000559254910078C00738B1FFE79DF84B017D
:1058700040F002008DF84B01FFE742F6C040C2F253
:10588000000000788007002807D5FFE79DF84B014E
:1058900040F004008DF84B01FFE76A9842F6FC41A6
:1058A000C2F200010968401AB0F5FA7F51D3FFE750
:1058B00042F6C040C2F2000001780020090600292B
:1058C0000C900BD5FFE742F6FB40C2F200000178D6
:1058D00000200A29C8BF01200C90FFE70C9800F0B7
:1058E00001008DF837014FF6FF70ADF834019DF8D7
:1058F000370138B1FFE742F6C040C2F2000009307C
:105900000B9002E04DA80B90FFE70B9A442000217A
:105910000A91022300F0EAF90A999DF83701092358
:10592000002818BF0B2342F6C040C2F20000C21884
:1059300042F6FB40C2F200000078C01AC3B2412018
:1059400000F0D4F96A9842F6FC41C2F20001086006
:10595000FFE7FFE742F6B840C2F20000007838B136
:10596000FFE79DF84B0140F010008DF84B01FFE779
:1059700044F25440C2F2000090F83400E8B1FFE76E
:1059800040F27600C2F20000007878B9FFE742F6F4
:10599000B840C2F20000007878B1FFE742F6FB4061
:1059A000C2F200000078092807DBFFE79DF84B01F1
:1059B00040F020008DF84B01FFE744F25440C2F262
:1059C000000090F8340038B1FFE79DF84B0140F03B
:1059D00040008DF84B01FFE700204C90FFE74C980A
:1059E000052800F29F80FFE74C9944F25440C2F230
:1059F000000000EBC1004B904B98407920B1FFE7CD
:105A00004B98C079099002E0FF200990FFE70998C0
:105A10008DF82B016A9949A800F050F94C988DF83F
:105A20002801FDF727FF002841D1FFE74C9941F2FB
:105A30002600C2F20000405C9DF82B11884236D04F
:105A4000FFE74C9941F22600C2F20000405C7F283B
:105A500011DCFFE74C9941F22600C2F20000405CE5
:105A60008DF8290100218DF82A11422049AA072327
:105A700000F03CF9FFE79DF82B017F280EDCFFE7E3
:105A80009DF82B018DF8290164208DF82A01422010
:105A9000002149AA072300F029F9FFE79DF82B010F
:105AA0004C9A41F22601C2F200018854FFE74B995B
:105AB00008794A79897940EA420040EA81000890F1
:105AC0009DF83001FDF77AFD0146089840EAC101D2
:105AD0004C9800EB40020DF5A57000EB420291736B
:105AE0004B99C9794C9A02EB420200EB4202D17306
:105AF0004C9901EB410100EB410010304B990968D2
:105B000000F0DCF84B98407938B1FFE79DF84B0185
:105B100040F002008DF84B01FFE7FFE74C980130A1
:105B20004C905CE741F2D030C2F20000007890B1B6
:105B3000FFE76A9841F2CC31C2F200010968401ACD
:105B4000B0F5967F07D8FFE79DF84B0140F00800BD
:105B50008DF84B01FFE700203C90FFE73C980528BB
:105B600023D8FFE73C9B03EB43010DF5A57000EB49
:105B700041018A7B3DA901EBC3031A713C9A02EBF8
:105B8000420300EB4300C07B01EBC20250713C9A20
:105B900044F25440C2F2000050F8320041F83200A2
:105BA000FFE73C9801303C90D8E76A9A9DF84B019A
:105BB0009DF84C319DF84DC19DF84FE16946C1F803
:105BC0000CE0C1F808C04B60086041F22C00C2F242
:105BD00000003DA90123FCF791FD00203B90FFE769
:105BE0003B9805282BD8FFE73B9941F22C00C2F2E5
:105BF000000000EBC1003A903A9801793B9800EB25
:105C000040020DF5A57000EB420282F832103A997D
:105C100049793B9A02EB420200EB420282F83310D0
:105C20003B9901EB410100EB410034303A9909689E
:105C300000F044F8FFE73B9801303B90D0E70DF5CA
:105C4000A570079056306A9900F038F807985A30D6
:105C50000690FDF7ADFC0146069800F02FF8079A74
:105C6000402000215E2300F041F844F25440C2F28B
:105C7000000090F83400F0B1FFE7FDF799FC014611
:105C80000DF14300059000F019F8059805306A9A67
:105C90001021FDF7E1FC059A8DF847009DF84700BB
:105CA00000EB8001052000EB4100C3B2452000213C
:105CB00000F01CF8FFE76CB080BD000083B00290DC
:105CC000019100200090FFE7009803280BD8FFE720
:105CD0000198009AD100C84002998854FFE70098C3
:105CE00001300090F0E703B07047000080B5C2B00B
:105CF0008DF807018DF8061140928DF8FF30A52030
:105D00008DF808005A208DF809009DF8FF008DF8E5
:105D10000A009DF806018DF80B009DF807018DF82B
:105D20000C009DF8FF0040B1FFE702A80530409944
:105D30009DF8FF20FAF772FAFFE702A80090023000
:105D40009DF8FF10033102F0C1FF01460098ADF845
:105D500006109DF806109DF8FF20024451719DF831
:105D600007109DF8FF20024491719DF8FF10073144
:105D700002F03CFA42B080BD80B582B000200190B4
:105D800004F0BCFAFAF79AFD02F03EFCFCF75EF86C
:105D9000FBF708FEFBF77CFEFBF7D4FEFBF72EFFBC
:105DA000FBF788FF02F096FA042040F6FF7104F03A
:105DB000BBFAFDF7BBFD03F045FAFFE703F0ECFA91
:105DC000FDF7C2FF43F20001C4F200014AF6AA2027
:105DD0000860F3E780B586B00020ADF814000490A9
:105DE0008DF80F0041F2CB31C2F2000108708DF83E
:105DF0000E00FFE79DF80E00052875DCFFE7002088
:105E00008DF80D008DF80C00FFE79DF80C0041F2B5
:105E1000B031C2F20001097888422BDAFFE79DF821
:105E20000E1041F2A330C2F20000405C9DF80C203D
:105E300041F2C531C2F20001895C884213D1FFE70B
:105E40009DF80E1044F25440C2F2000000EBC10075
:105E5000407940B1FFE701208DF80D009DF80C203E
:105E600004A9885406E0FFE79DF80C0001308DF886
:105E70000C00CAE79DF80D0078BBFFE79DF80E10F7
:105E800041F2A330C2F20000405CFF2825D0FFE7BA
:105E90009DF80F0030B9FFE702F072FB01208DF88A
:105EA0000F00FFE79DF80E0004F0ACF99DF80E100E
:105EB00044F25440C2F2000000EBC1000021017125
:105EC0009DF80E0001F0C2FF9DF80E2041F2A331B3
:105ED000C2F20001FF208854FFE7FFE79DF80E00A3
:105EE00001308DF80E0085E700208DF80B00FFE7EC
:105EF0009DF80B0041F2B031C2F2000109788842EE
:105F000080F2AB80FFE79DF80B1004A8405C0028EE
:105F100040F09C80FFE700208DF80A00FFE79DF825
:105F20000A00052800F39180FFE744F25440C2F2D2
:105F3000000090F830009DF80A10C840C007002803
:105F40007CD0FFE79DF80A1041F2A330C2F20000B6
:105F5000405CFF2872D1FFE79DF80B1041F2C5307D
:105F6000C2F20000405C01F0E1FA0190FFE7019805
:105F700044F61F61884204D8FFE701984000019071
:105F8000F5E7FFE7019844F68171C0F212018842FB
:105F900004D3FFE7019840080190F3E70198FEF76A
:105FA000C7FC20B9FFE70320FDF74AFC55E09DF848
:105FB0000F0030B9FFE702F0E3FA01208DF80F007F
:105FC000FFE701999DF80A2044F25440C2F2000014
:105FD00040F832109DF80B2041F2C531C2F20001A9
:105FE000895C9DF80A2000EBC202D1719DF80A106D
:105FF00000EBC100012101719DF80A0001F026FFAC
:106000009DF80A0004F00AF88DF803009DF80300DB
:1060100028B1FFE79DF80300FDF712FC1DE09DF895
:106020000B1041F2C530C2F20000405C9DF80A201E
:1060300041F2A331C2F20001885406E0FFE79DF867
:106040000A0001308DF80A0069E7FFE7FFE79DF8D5
:106050000B0001308DF80B004AE706B080BD000050
:1060600080B584B08DF80F0002F08CFA029041F2F6
:10607000D130C2F20000007888B1FFE7029841F207
:10608000AC31C2F200010968401A062807D3FFE7C5
:1060900041F2D131C2F2000100200870FFE70298FE
:1060A00041F2AC31C2F2000108609DF80F1041F2DC
:1060B000D130C2F2000003785A1C027041F2B132B2
:1060C000C2F20002D15400780E285AD1FFE741F203
:1060D000B130C2F2000001F091FAB8B3FFE742F626
:1060E000B840C2F20000007870B9FFE740F27600D5
:1060F000C2F20000007838B9FFE744F25140C2F222
:106100000000007838B1FFE741F2D131C2F200015E
:106110000020087035E0029841F2CC31C2F2000153
:10612000086041F2D031C2F200010120087041F252
:10613000B130C2F2000001790530FDF767FD41F290
:10614000D131C2F200010020087019E041F2B131F2
:10615000C2F200010191D1F80100D1F80520D1F877
:10616000093091F80DC081F80CC08B604A6008605E
:1061700041F2D131C2F20001087801380870FFE71E
:10618000FFE704B080BD000083B00190009101984A
:1061900041F2D431C2F2000101F5806131F9100001
:1061A000009A31F91210884212D0FFE7019941F2AA
:1061B000D430C2F2000000F5806030F91110009A6E
:1061C00030F9122000209142C8BF0120029093E0D4
:1061D000019841F2D431C2F2000101F5D061085CAE
:1061E000009A895C884210D0FFE7019941F2D430CF
:1061F000C2F2000000F5D060415C009A825C002091
:106200009142C8BF0120029076E0019941F2D4305A
:10621000C2F20000084490F88006E8B9FFE7019850
:1062200041F2D431C2F2000151F82000009A51F835
:106230002210884210D0FFE7019941F2D430C2F217
:10624000000050F82110009A50F8222000209142BE
:1062500088BF012002904FE0019941F2D430C2F290
:106260000000084490F8800608BBFFE7019841F25F
:10627000D431C2F2000101F5007151F82000009AFA
:1062800051F82210884212D0FFE7019941F2D43030
:10629000C2F2000000F5007050F82110009A50F88A
:1062A00022200020914288BF0120029024E0019822
:1062B00041F2D431C2F2000101F50061085C009A9C
:1062C000895C884210D0FFE7019941F2D430C2F2D4
:1062D000000000F50060415C009A825C0020914261
:1062E000C8BF0120029007E00199009A0020914266
:1062F00038BF01200290FFE7029803B0704700000A
:1063000080B5A4B0239041F2D430C2F200000790CF
:106310004FF45061FAF733F8079800F530608021A8
:106320000891FF220992FAF700F807980899099A4C
:1063300000F52860F9F7F9FF00202290FFE7229886
:106340007F2800F2D880FFE7229800EB800142F21C
:10635000D400C2F2000000EB810021902198007C63
:1063600008B9FFE7C3E02198007B2090209841F214
:10637000D431C2F200010A18012082F800062198E7
:10638000007CC0F3400320980A1892F88006184356
:1063900082F880062198807B209A114491F800179A
:1063A00088420BDDFFE72198807B209A41F2D431AF
:1063B000C2F20001114481F80007FFE7219840680C
:1063C000209A41F2D431C2F2000151F822108842E1
:1063D0000AD9FFE721984068209A41F2D431C2F2ED
:1063E000000141F82200FFE721988068209A41F2DD
:1063F000D431C2F2000101EB8201D1F800128842CF
:106400000CD9FFE721988068209A41F2D431C2F27A
:10641000000101EB8201C1F80002FFE72198407CF6
:1064200058B1FFE72198407C209A41F2D431C2F262
:106430000001114481F8000AFFE72198807C209A2E
:1064400041F2D431C2F20001114491F8801A88421D
:106450000BDAFFE72198807C209A41F2D431C2F216
:106460000001114481F8800AFFE72198C07B1F28B2
:106470003CDCFFE72198C07B00EB400142F2D400F6
:10648000C2F2000000EB810090F8040A20998842D3
:106490002CD1FFE72198C07B00EB400142F2D400F1
:1064A000C2F2000000EB810090F8060A209A41F247
:1064B000D431C2F20001114491F88017884215DDF1
:1064C000FFE72198C07B00EB400142F2D400C2F20A
:1064D000000000EB810090F8060A209A41F2D431C6
:1064E000C2F20001114481F88007FFE7FFE722981C
:1064F0000130229023E700201F90FFE71F9842F20F
:10650000D401C2F2000191F8CE1B884215D2FFE7F8
:106510001F9942F2D400C2F20000084490F8BC1B5C
:1065200041F2D430C2F200000144012081F8000899
:10653000FFE71F9801301F90E0E700201E904FF00A
:10654000FF311D916FF07F011C911B90FFE71B989D
:106550007F2871D8FFE71B9941F2D430C2F20000C6
:10656000084490F80006002861D0FFE71B991E9AA6
:10657000501C1E9041F2D430C2F20000024482F856
:1065800080181B99084490F88007022801DBFFE778
:106590004EE01D98002813D4FFE71B981C99401A61
:1065A0000C280DDCFFE71B981D9A41F2D431C2F292
:1065B0000001114491F88019401A19280DDBFFE7FA
:1065C0001D9801301D901B981D9A41F2D431C2F2E2
:1065D0000001114481F88009FFE71D991B9A41F2DF
:1065E000D430C2F20000024482F8001B1B994AF624
:1065F000AB22CAF6AA22A1FB0232D20802EB420267
:10660000A1EB8202012101FA02F31D9900EB410284
:10661000B2F800151943A2F800151D99014491F82C
:106620000009013081F800091B981C90FFE7FFE783
:106630001B9801301B908AE700201A90FFE71A98F8
:106640001D99884208DCFFE71A9800F0FFFCFFE77D
:106650001A9801301A90F2E700201990FFE7199874
:106660001E99884280F2F781FFE7199941F2D430F0
:10667000C2F20000014491F8801818911899014461
:1066800091F9001B17911899014491F80017090915
:1066900016911899084490F88007022817DBFFE745
:1066A000189A41F2D430C2F20000104490F88007EA
:1066B00000EB80039800A02101EB8301302A38BF52
:1066C00008461699084400F5C8701690FFE7179819
:1066D000002800F1CA80FFE7179941F2D430C2F2D6
:1066E0000000084490F80009012805D1FFE716983A
:1066F00000F582701690FFE7179941F2D430C2F28C
:106700000000084490F9800B00285ED4FFE7189839
:106710004AF6AB22C2F6AA2280FB0213591001EB03
:10672000D37101EB4101A0EB8101179B41F2D43001
:10673000C2F20000034493F9803BC91A0C3181FB7B
:1067400002235A1002EBD37202EB4202A1EB820148
:1067500015911799084490F9000C1490159818B9E0
:10676000FFE7B42006902BE01598149A4AF2CC412A
:10677000C0F6000101EB8201497888420ED1FFE7A3
:10678000179941F2D430C2F20000084490F9801CFD
:106790001420002918BF6E2005900EE01599149A58
:1067A0004AF2CC40C0F6000000EB8200C2782820FC
:1067B000914208BF5A200590FFE705980690FFE731
:1067C000069916980844169010E01898179A41F206
:1067D000D431C2F20001114491F88019884204D1E9
:1067E000FFE716985A301690FFE7FFE70020139056
:1067F000FFE713981999884236DAFFE7139941F2B7
:10680000D430C2F20000014491F88018084490F995
:10681000000B1799884222D1FFE7139941F2D43037
:10682000C2F20000084490F880084AF6AB22CAF68B
:10683000AA22A0FB0231C90801EB4101A0EB8100B3
:106840001899A1FB0232D20802EB4202A1EB8201AD
:10685000884204D1FFE71698DC38169004E0FFE781
:10686000139801301390C4E7FFE7189941F2D43030
:10687000C2F20000084490F8000820B1FFE7169823
:106880000C301690FFE7189941F2D430C2F20000A4
:10689000084490F88006B8BBFFE72398189A41F2A5
:1068A000D431C2F2000151F8221088420BD3FFE725
:1068B0002398189A41F2D431C2F2000151F8221003
:1068C000401A049002E000200490FFE70498129020
:1068D000129840F6B831884203D3FFE7F0200390C6
:1068E0000CE0129800EB8000000144F6D351C1F295
:1068F0006201A0FB011080090390FFE7039916983D
:10690000401A14381690FFE742F2D400C2F2000099
:1069100090F8D00B012811D1FFE7189941F2D4303B
:10692000C2F20000014491F8000791F8002800F538
:106930007A71002A18BF08461690FFE742F2D40089
:10694000C2F2000090F8D00B02281FD1FFE719997E
:106950000120029049B1FFE719981E99401A0130B1
:10696000B0FA80F040090290FFE7029A189941F2CC
:10697000D430C2F20000084490F8000700F57A71A4
:10698000D207002A18BF08461690FFE742F2D4004B
:10699000C2F2000090F8D00B03280AD1FFE7189943
:1069A00041F2D430C2F20000084490F8000716907B
:1069B000FFE742F2D400C2F2000090F8D00B0428A6
:1069C00003D1FFE718981690FFE742F2D400C2F215
:1069D000000090F8D00B052805D1FFE71898C0F10A
:1069E0007F001690FFE742F2D400C2F2000090F858
:1069F000D00B062810D1FFE7189941F2D430C2F22B
:106A00000000084490F8801AC1F17F0190F8000757
:106A100000EBC1101690FFE7189941F2D430C2F292
:106A20000000084490F8000A30B1FFE7169842F2DF
:106A3000107108441690FFE71698189A41F2D43165
:106A4000C2F2000101EB4201A1F80004FFE719982E
:106A50000130199003E642F2D401C2F20001002095
:106A600081F8CE0B8DF847001090FFE7109942F2A5
:106A7000D400C2F2000090F8CF2B00209142019088
:106A800007D2FFE710990020062938BF01200190A6
:106A9000FFE70198C007002800F09580FFE74FF05E
:106AA000FF300F9000200E90FFE70E981E9988424D
:106AB0004FDAFFE70E9941F2D430C2F200000144F0
:106AC00091F880180D910D99084490F8000608B9C6
:106AD000FFE73AE00D9941F2D430C2F200000844D9
:106AE00090F8000A18B3FFE742F2D400C2F20000A7
:106AF00090F8D10B0D9A41F2D431C2F20001114449
:106B000091F8001A0139C840C00778B1FFE79DF835
:106B100047000D9A41F2D431C2F20001114491F8BC
:106B2000001A0139C840C00708B1FFE70DE00F980F
:106B3000002806D4FFE70D980F99FFF725FB18B141
:106B4000FFE70D980F90FFE7FFE70E9801300E90DA
:106B5000ABE70F98B0F1FF3F01DCFFE733E00F999F
:106B600041F2D430C2F200004218002182F800162F
:106B70000F9942F2D402C2F2000292F8CE3B03F126
:106B8000010C82F8CECB1A4482F8BC1B0F99084442
:106B900090F8000A90B1FFE70F9941F2D430C2F2A9
:106BA0000000084490F8000A411E012000FA01F19B
:106BB0009DF8470008438DF84700FFE7FFE710986E
:106BC0000130109052E700200C90FFE70C9842F241
:106BD000D401C2F2000191F8CE1B884238D2FFE7FF
:106BE0000C9801300B90FFE70B9842F2D401C2F2EF
:106BF000000191F8CE1B884225D2FFE70B9842F2A4
:106C0000D401C2F2000101F6BC31085C0C9A895C27
:106C1000884213DAFFE70C9842F2D401C2F2000175
:106C200001F6BC31085C8DF82B000B98085C0C9ABF
:106C300088549DF82B000B9A8854FFE7FFE70B98C8
:106C400001300B90D0E7FFE70C9801300C90BDE7C6
:106C500024B080BDB0B586B08C4686460B980A99A4
:106C6000CDF814E08DF813C08DF812208DF8113096
:106C70008DF810108DF80F0005989DF813109DF8F1
:106C800012209DF811309DF810C09DF80F40EE467F
:106C90000025CEF80850CEF80440CEF800C000F031
:106CA00003F806B0B0BD0000B0B594B094468E466F
:106CB00004461A981999189A12948DF847E08DF89D
:106CC00046C08DF845308DF844208DF843108DF87E
:106CD00042009DF84600042806D1FFE700F096FA2E
:106CE00000208DF84F00ACE19DF8470000F00F0147
:106CF00001208840ADF840009DF84700C0F3031123
:106D000042F2D400C2F2000000EB410000F538600E
:106D10000F909DF8460040B9FFE79DF8440020B968
:106D2000FFE701208DF84600FFE79DF846000228A6
:106D300040F08380FFE79DF84500402814D1FFE72D
:106D40009DF84400402807DBFFE7BDF840200F997D
:106D500008881043088006E0BDF840200F99088895
:106D600090430880FFE7FFE79DF84500792807D1A9
:106D7000FFE7BDF840200F99088890430880FFE79F
:106D800000200E90FFE70E987F2855D8FFE70E9859
:106D900000EB800142F2D400C2F2000000EB81005F
:106DA0000D900D98007C38B1FFE70D98407B9DF861
:106DB0004710884201D0FFE73AE09DF84500782867
:106DC00004D1FFE70D990020087430E09DF84500DC
:106DD0007B280AD0FFE79DF845007C2815DBFFE7FC
:106DE0009DF845007F2810DCFFE70D98007C8007A8
:106DF000002804D5FFE712980D994860FFE70D9928
:106E0000087C00F0FD000874FFE70D98007C800707
:106E100000280BD4FFE70F980088BDF84010084207
:106E200004D1FFE70D9900200874FFE7FFE7FFE7B3
:106E30000E9801300E90A6E7FFE09DF8460001286D
:106E400052D1FFE700200C900B90FFE70B987F28B2
:106E500038D8FFE70B9800EB800142F2D400C2F271
:106E6000000000EB81000A900A98007C00F003000B
:106E7000032822D1FFE70A98007B9DF8451088423D
:106E80001BD1FFE70A98407B9DF84710884214D138
:106E9000FFE70A98407C9DF8431088420DD1FFE738
:106EA0000C9838B1FFE70A9880680C998968884285
:106EB00003D2FFE70A980C90FFE7FFE70B98013039
:106EC0000B90C3E70C9870B1FFE712980C994860DB
:106ED0000F980088BDF840100840002818BF012016
:106EE0000C990874FFE7A7E09DF84600002840F0E1
:106EF000A280FFE79DF845009DF84710129A00F028
:106F0000A3F98DF82700002008900790FFE7079865
:106F10007F282DD8FFE7079800EB800142F2D400CC
:106F2000C2F2000000EB810006900698007C012868
:106F300019D1FFE70698007B9DF84510884212D1D1
:106F4000FFE70698407B9DF8471088420BD1FFE78A
:106F50000698407C9DF84310884204D1FFE70699CB
:106F600000200874FFE7FFE7079801300790CEE79D
:106F700000200590FFE705987F281CD8FFE70598BB
:106F800000EB800142F2D400C2F2000000EB81006D
:106F9000007C58B9FFE7059800EB800142F2D4006D
:106FA000C2F2000000EB8100089004E0FFE70598C2
:106FB00001300590DFE7089820B9FFE705208DF83C
:106FC0004F003EE00899129800900020019042F294
:106FD000D402C2F20002D2F8A00B0130C2F8A00B1A
:106FE00002909DF845008DF80C009DF847008DF843
:106FF0000D009DF844008DF80E009DF827008DF8D7
:107000000F0003208DF810009DF843008DF811004B
:107010009DF842008DF812000098019A029BDDF85D
:107020000CC0DDF810E0C1F810E0C1F80CC08B60B6
:107030004A600860FFE7FFE7FFE700208DF84F0098
:10704000FFE79DF84F0014B0B0BD000080B588B0D8
:107050000790079841F2D431C2F200010A18FF20CC
:1070600082F8000C079A114481F8800B00200690EA
:10707000FFE70698082875DCFFE700200590FFE78A
:1070800005980B2869DCFFE70020ADF8120003909B
:10709000FFE703990020032900900ED8FFE7069927
:1070A0004AF2CC40C0F6000000EB81000399405C3E
:1070B000FF3818BF01200090FFE70098C00728B3F1
:1070C000FFE70598069A4AF2CC41C0F6000101EBB1
:1070D0008201039A895C08444AF6AB21C2F6AA21D0
:1070E00080FB0112511001EBD27101EB4101A0EBC9
:1070F0008101012000FA01F1BDF812000843ADF84A
:107100001200FFE7039801300390C2E7BDF81200B8
:10711000079A41F2D431C2F2000101EB4201B1F809
:107120000015884214D1FFE70599079A41F2D4303F
:10713000C2F20000024482F8801B0699079A0244BA
:1071400082F8001C07990144012081F8800C5BE063
:10715000FFE705980130059092E7FFE706980130B8
:10716000069086E700200290FFE7029801284BDC9A
:10717000FFE700200190FFE701980B283FDCFFE7C5
:10718000079941F2D430C2F2000000EB4100B0F8A0
:107190000005019B012202FA03F1DDF808E04AF242
:1071A000CC4CC0F6000C0CEB8E0C9CF801C0634478
:1071B0004AF6AB2CC2F6AA2C83FB0CCE4FEA6E0C1F
:1071C0000CEBDE7C0CEB4C0CA3EB8C039A401143D4
:1071D00088420FD1FFE70198079A41F2D431C2F2F9
:1071E00000010A4482F8800B0298079A114481F842
:1071F000000C09E0FFE7019801300190BCE7FFE7D0
:10720000029801300290B0E708B080BD80B582B02E
:1072100042F2D400C2F20000019040F6D431F9F7F6
:10722000AEF801994FF0FF30A1F8C60BC1F8C20BC0
:10723000A1F8CC0BC1F8C80B062081F8CF0B3F207A
:1072400081F8D10B02B080BD98B08DF85E008DF84A
:107250005D1016924FF0FF30159048F2A060C0F21A
:10726000010014900020139012901190FFE71198E4
:107270007F2830D8FFE7119800EB800142F2D4005C
:10728000C2F2000000EB810010901098007CE8B181
:10729000FFE71098C07B1F2818DCFFE71098C17B20
:1072A000012000FA01F11398084313901098007C14
:1072B0008007002809D5FFE71098C17B012000FA5C
:1072C00001F1129808431290FFE7FFE7FFE71198DA
:1072D00001301190CBE700200F90FFE70F981F2897
:1072E00000F38F80FFE70F9800EB400142F2D400DB
:1072F000C2F2000000EB810000F520600E900E98B5
:10730000C079A8B1FFE70E9840799DF85D108842DA
:107310000ED1FFE716980E990968884208D3FFE757
:1073200016980E990968401AB0F5167F01D9FFE743
:1073300063E012980F99C840C00740B1FFE7169864
:107340000E990968401A282801D8FFE755E09DF8F2
:107350005E000E990979401A0D900D98B0F1FF3F2B
:1073600004DCFFE70D984042059002E00D9805907F
:10737000FFE705980C900D9A0020002AC8BF012055
:10738000411E002A48BF08460B900C98082801DBD4
:10739000FFE732E00C9800EB8000400003900B996F
:1073A0000020049081B1FFE70E9890F908100020AA
:1073B000049049B1FFE70B980E9991F90810401A13
:1073C00018BF01200490FFE703980499CA0700F151
:1073D0000801002A18BF08460E99897901EB41017E
:1073E000401A0A900A981499884205DAFFE70A9829
:1073F00014900F981590FFE7FFE70F9801300F905A
:107400006CE71598C043C00F09901598B0F1FF3F85
:107410002DDCFFE700200890FFE708981F2825DCF7
:10742000FFE713980899C840C007D0B9FFE715983F
:10743000002813D4FFE7089800EB400042F2D40183
:10744000C2F2000101F5206151F82000159A02EB0B
:10745000420251F82210884203D2FFE708981590A3
:10746000FFE7FFE7089801300890D6E7FFE7159897
:10747000B0F1FF3F04DCFFE7FF208DF85F0050E034
:10748000159800EB400142F2D400C2F2000000EB7C
:10749000810000F5206007909DF85E00079909794A
:1074A000401A0690099880B1FFE707988079032871
:1074B00005DCFFE7079880790130029002E00420A4
:1074C0000290FFE70298019002E000200190FFE7A0
:1074D000019807998871099858B1FFE7069A00202A
:1074E000002AC8BF0120411E002A48BF084600905C
:1074F00002E000200090FFE70098079908729DF8CD
:107500005E00079908719DF85D000799487116980B
:107510000799086007990120C87115988DF85F00D8
:10752000FFE79DF85F0018B07047000084B08DF849
:107530000F009DF80F004AF6AB21CAF6AA21A0FB66
:107540000132D20802EB4202A0EB82024AF2F04082
:10755000C0F6000050F8220002909DF80F00A0FB3A
:1075600001016FF0040000EBD100019001980028A8
:1075700005D4FFE7029801998840009005E0029841
:1075800001994942C8400090FFE7009804B0704755
:1075900084B0039002914FF6FF70ADF80600FFE74C
:1075A0000298411E029120B3FFE70398411C03910A
:1075B0000178BDF8060080EA0120ADF80600002041
:1075C0000090FFE70098072812D8FFE7BDF80620D3
:1075D000500041F2210181EA42011204002A48BF11
:1075E0000846ADF80600FFE7009801300090E9E793
:1075F000D6E7BDF8060004B07047000080B584B03F
:10760000029002980078D32813D1FFE702984078BF
:1076100091280ED1FFE702988078012809D1FFE771
:1076200002980079062804DCFFE70298C07A18B1B6
:10763000FFE7002003904DE000200190FFE7019854
:1076400005283AD8FFE701980299097988420AD3B8
:10765000FFE7029901980844407918B1FFE700203C
:10766000039037E024E0029901980844407980288B
:1076700003DBFFE7002003902CE000200090FFE7F1
:1076800000980199884212D2FFE7029A00981044AC
:107690004079019911444979884203D1FFE70020DC
:1076A000039017E0FFE7009801300090E8E7FFE75C
:1076B000FFE7019801300190C1E7029802300A21EA
:1076C000FFF766FF02998989401AB0FA80F04009F5
:1076D0000390FFE7039804B080BD000085B00490DC
:1076E0008DF80F108DF80E209DF80F00012804DC96
:1076F000FFE704981830009003E004981C300090D5
:10770000FFE7009802909DF80F0000F00100C00014
:107710008DF80700029800689DF80720FF2191402E
:1077200088439DF80E100432914008430299086086
:1077300005B0704780B586B0059104900020039095
:10774000029001900090BDF814000090012001907B
:107750000220039004986946F8F7F4FE06B080BD55
:1077600080B58CB0FFE744F29C60C2F20000008854
:107770000228C0F2E882FFE744F27C00C2F2000077
:107780000078A52808D1FFE744F27C00C2F200008F
:1077900040785A2803D0FFE7FBF700F9E3E744F20B
:1077A0009C60C2F200000088042801DCFFE7CAE206
:1077B00044F27C00C2F2000080788DF82F009DF822
:1077C0002F00F1280DDBFFE744F25441C2F2000123
:1077D000012081F83500C86B0130C863FBF7DEF883
:1077E000C1E79DF82F000730ADF82C0044F29C60F3
:1077F000C2F200000088BDF82C10884201DAFFE7D1
:10780000A1E29DF82F00C11C44F27C00C2F20000EE
:107810000990023001F05AFA0999ADF82A00BDF832
:107820002C00084410F8020C9DF82A1088420ED152
:10783000FFE7BDF82C0044F27C01C2F200010844CD
:1078400010F8010C9DF82B1088420DD0FFE744F290
:107850005441C2F20001072081F83500C86B0130A5
:10786000C863FBF79BF87EE744F27C00C2F200009D
:107870000079012808DBFFE744F27C00C2F2000037
:107880000079182810DBFFE744F27C00C2F2000008
:107890000079302835D3FFE744F27C00C2F20000C3
:1078A000007934282DDCFFE742F6B840C2F2000030
:1078B0000078C0B9FFE7FBF783FF40F27601C2F220
:1078C00000010020087041F22501C2F20001087099
:1078D00041F2D031C2F20001087042F60861C2F2F2
:1078E00000010880FFE742F6B841C2F20001012022
:1078F000087000F047FE42F6BC41C2F20001086089
:10790000FFE7BDF82C0042F60861C2F200010988C9
:10791000884226D1FFE700F035FE42F60461C2F24C
:1079200000010968401AC0087C281AD8FFE7BDF892
:107930002C2044F27C00C2F2000042F60D51C2F24B
:107940000001F8F73FFC60B9FFE743F61C70C2F294
:107950000000018843F62460C2F2000001F0B0F894
:10796000DDE100208DF8290044F27C00C2F2000025
:107970000079342840F09E80FFE79DF82F10012009
:107980000A29089027DBFFE79DF82F1044F27C00BE
:10799000C2F20000807900063A22002848BF3C224B
:1079A00001209142089016DCFFE744F27C00C2F20D
:1079B00000008179002009060029079008D5FFE71B
:1079C0009DF82F1000200C29B8BF01200790FFE779
:1079D00007980890FFE7089800F001008DF828004C
:1079E0009DF82800002864D1FFE744F27C00C2F231
:1079F0000000407942F6B041C2F2000109788842A5
:107A000009D1FFE742F6B041C2F200010020C1F8FF
:107A100003000860FFE742F6FB40C2F20000007876
:107A20009DF82F100139884212D1FFE79DF82F00F1
:107A3000A0F10A0242F6C040C2F20000093044F24E
:107A40007C01C2F200010F31F8F7BCFB50B1FFE737
:107A500000F098FDA0F5FA7042F6FC41C2F2000178
:107A60000860FFE79DF82F00411E42F6FB40C2F27E
:107A700000000170027844F27C00C2F20000811D17
:107A800042F6C040C2F20000F8F7C8FB07208DF8AC
:107A9000290042F6B041C2F200010868D1F8032083
:107AA00043F62461C2F20001C1F80A20C1F80700C0
:107AB000FFE7C3E044F27C00C2F200000079332803
:107AC00019D1FFE79DF82F00002818BF01208DF87D
:107AD000280008208DF8290044F24941C2F2000133
:107AE00008684A6843F62461C2F20001C1F80B201D
:107AF000C1F80700A1E044F27C00C2F20000007966
:107B00003028C0F08280FFE744F27C00C2F200001F
:107B10000079322879D8FFE700208DF828009DF8F9
:107B20002F00BF2804DBFFE701208DF828006BE061
:107B300044F25140C2F20000007820B1FFE7052076
:107B40008DF828005FE0FBF73BFE40F27601C2F2C1
:107B5000000100200590087041F22501C2F20001E9
:107B6000087041F2D031C2F20001087044F27C0189
:107B7000C2F2000106910A7944F27930C2F20000A3
:107B800000F8012B9DF82F200531F8F747FB0698E8
:107B90009DF82F10013144F27832C2F200021170C8
:107BA000C07844F24841C2F20001087044F25141E9
:107BB000C2F200010120087000F0E4FC05990246C1
:107BC000069844F27433C2F200031A6044F244424D
:107BD000C2F200021160017944F24942C2F200028D
:107BE0001170FF215170007930280BD1FFE744F26A
:107BF0004941C2F200010020C880C1F80200012002
:107C00008870FFE7FFE7FFE716E044F27C01C2F26D
:107C1000000108799DF82F20EC460DF12903CCF8DE
:107C20000030053143F62463C2F200030733FAF74C
:107C3000CFFE8DF82800FFE7FFE7FFE79DF828005B
:107C400078B1FFE79DF8280044F25441C2F20001E8
:107C500081F83500C86B0130C86300208DF8290019
:107C6000FFE743F62462C2F200020492A5201070DE
:107C70005A2050709DF82900811C104600F8021F00
:107C800044F27C01C2F200010291CB78D3709DF8DE
:107C900028C08023BCF1000F18BF8123137109791C
:107CA00051719DF8281091719DF82910053101F04E
:107CB0000DF80299049BADF82A009DF82A009DF862
:107CC00029201A44D0719DF82B009DF829201A44D0
:107CD00010729DF82900093043F61C72C2F20002AE
:107CE00003921080BDF82C2042F60D50C2F2000025
:107CF000F8F794FABDF82C0042F60861C2F20001D0
:107D0000088000F03FFC03990246049842F60463A1
:107D1000C2F200031A60098800F0D2FEFFE7BDF846
:107D20002C1044F29C62C2F200021088401A1080AB
:107D3000BDF82C1044F27C00C2F20000014412880D
:107D4000F8F7B1FA0FE50CB080BD000082B0ADF8D5
:107D50000600BDF8060060B1FFE7BDF8061046F268
:107D60000050C1F6CD5000EB5100B0FBF1F0009097
:107D700002E000200090FFE7009802B0704700008A
:107D800080B582B08DF807008DF806108DF80520BB
:107D900000208DF80400FFE79DF80400022819DC9C
:107DA000FFE79DF804304AF2B440C0F6000000EB53
:107DB000C3019DF80720DA4002F0010250F83300B9
:107DC000496802F0DDFAFFE79DF8040001308DF804
:107DD0000400E1E79DF80600B0FA80F042094AF29B
:107DE0002851C0F600010868496802F0C9FA9DF8F8
:107DF0000500B0FA80F042094AF22051C0F60001B5
:107E00000868496802F0BCFA02B080BD80B584B051
:107E10008DF80F008DF80E109DF80F0000904AF2BB
:107E2000E031C0F60001029101EBC00101919DF823
:107E30000E10FAF74FFC009B01990246029850F889
:107E40003300496802F09CFA04B080BD80B582B06E
:107E50008DF807008DF806109DF807304AF21040A3
:107E6000C0F6000000EBC3019DF80620B2FA82F2D2
:107E7000520950F83300496802F082FA02B080BD1E
:107E800080B582B040F2DE30C2F20000007808B95E
:107E9000FFE72EE000F076FB40F2E021C2F20001A5
:107EA0000968401A019040F2DE31C2F20001002060
:107EB000087001980D2801D3FFE71AE000F058FB85
:107EC000009044F20C41C4F20001086820F0240044
:107ED000086044F20042C4F20002106820F0400042
:107EE0001060086840F088000860009800F0E0FD2D
:107EF000FFE702B080BD000082B040F2E430C2F281
:107F00000000008840F2E231C2F200010988884294
:107F100004D1FFE74FF0FF3001901EE040F2E43162
:107F2000C2F200010A8840F2E630C2F20000805C32
:107F300000900A8840F2E850C2F2000050F8220097
:107F400040F2DC22C2F200021060088801306FF3B8
:107F50005F20088000980190FFE7019802B0704709
:107F600080B5C0B08DF8FF000020029000F00AFB41
:107F700040F2DC21C2F200010968401A0C2809D83D
:107F8000FFE744F20C40C4F200000068000700283C
:107F900001D5FFE733E040F2D600C2F200000DF158
:107FA0000F010191F022FCF709FA019B02909DF864
:107FB000FF2002986946086040F2E420C2F2000007
:107FC0000221FCF745FD40F2E031C2F200010880D9
:107FD00040F2DC31C2F200010020088040F2DC20D7
:107FE000C2F20000006840F2E021C2F20001086025
:107FF00040F2DE31C2F2000101200870FFE740B01C
:1080000080BD000080B582B000F0B2FA019040F669
:10801000E851C2F2000108788DF8030000200870D2
:108020009DF8030058B1FFE740F2E230C2F20000D1
:10803000008840F2E431C2F200010880FFE70198B5
:1080400000F036FD9DF8030002B080BD80B584B01D
:1080500044F20040C4F20000006803909DF80C0058
:1080600010F02F0F52D0FFE744F20440C4F200009A
:1080700000688DF80B009DF80C00000738B1FFE791
:1080800040F6E851C2F20001012008703DE09DF881
:108090000C008006002837D5FFE740F2E230C2F23C
:1080A0000000008801306FF35F20ADF80800BDF8D4
:1080B000080040F2E431C2F200010988884207D189
:1080C000FFE740F6E851C2F20001012008701AE013
:1080D0009DF80B0040F2E231C2F2000101910A88E2
:1080E00040F2E631C2F20001885400F04BFA0199E7
:1080F0000B8840F2E852C2F2000242F82300BDF8B9
:1081000008000880FFE7FFE7FFE7FFE79DF80C00A6
:108110000006002836D5FFE744F20C40C4F2000008
:108120000068000600282DD5FFE740F2DC30C2F2DF
:108130000000008840F2E031C2F200010988884264
:1081400012DAFFE740F2DC32C2F200021188481C6A
:10815000108040F2E420C2F20000405C44F204418E
:10816000C4F2000108600CE044F20C41C4F20001CA
:10817000086820F080000860086840F0400008604F
:10818000FFE7FFE744F20040C4F200000068400649
:10819000002829D5FFE744F20C40C4F20000006833
:1081A0004006002820D5FFE744F20C40C4F200004E
:1081B00000680006002817D4FFE744F20C41C4F21F
:1081C0000001086820F04800086044F20040C4F252
:1081D0000000006844F20440C4F20000006808682F
:1081E00040F024000860FFE704B080BD80B582B095
:1081F0000190ADF802100199BDF8022040F2D600BE
:10820000C2F20000FCF70CF902B080BD80B586B068
:10821000EFF3108072B60590FFE741F21C00C4F244
:108220000200016841F001010160006800F00100F6
:1082300004900498FFE7FFE741F21C00C4F202003B
:10824000016841F002010160006800F00200039043
:108250000398FFE7FFE741F21C00C4F20200016847
:1082600041F004010160006800F0040002900298EF
:10827000FFE740F60C01C4F200010020086040F264
:108280000C41C4F2000108600C21C4F20001086036
:108290008DF80700FFE79DF80700052815D8FFE7D0
:1082A0009DF8070002F016F800909DF80700FAF715
:1082B000F9F8014600980422FFF710FAFFE79DF84D
:1082C000070001308DF80700E5E700F09DF906B0E2
:1082D00080BD000080B590B0F8F7CCFC0F9041F263
:1082E0000400C4F20200006810F4E06F04D0FFE75D
:1082F0000F9840000F90FFE70F982821C4F200016B
:1083000009680131B0FBF1F044F24021C0F20F01E5
:1083100088423DD1FFE70F9840F22841C4F20001A6
:1083200009680131B0FBF1F044F24021C0F20F01C5
:1083300088422DD1FFE70F9840F62801C4F20001D2
:1083400009680131B0FBF1F044F24021C0F20F01A5
:1083500088421DD1FFE72C20C4F2000000684FF6D0
:10836000FF71884214D1FFE740F22C40C4F20000B4
:1083700000684FF6FF7188420AD1FFE740F62C00F3
:10838000C4F2000000684FF6FF71884203D0FFE797
:10839000F8F7CEF8FFE700208DF83B00FFE79DF8E7
:1083A0003B0005282DD8FFE79DF83B0001F092FF28
:1083B0000D909DF83B00FAF775F88DF833009DF8A5
:1083C0003B0000210491FFF741FD0D989DF833100B
:1083D0000422FFF783F904999DF8330082000120FD
:1083E00000FA02F30D9A106A184310629DF83B00E0
:1083F000FFF70CFDFFE79DF83B0001308DF83B00D7
:10840000CDE740F60C01C4F200010020086040F204
:108410000C41C4F2000108600C21C4F200010860A4
:1084200040F61001C4F20001086040F21041C4F2AD
:10843000000108601021C4F2000108604FF0804183
:10844000086840F00100086040F20041C4F20001F9
:10845000086840F00100086040F60001C4F2000125
:10846000086840F001000860FFE741F21C00C4F218
:108470000200016841F400310160006800F400303E
:108480000B900B98FFE7FFE741F21800C4F20200DF
:10849000016841F004010160006800F004000A90E6
:1084A0000A98FFE7FFE70421C4F201010868099078
:1084B000099840F0E0600990099820F008000990C0
:1084C00009980860FFE70020029008900790069046
:1084D000059004200590122006900320089040F695
:1084E0000000C4F2010005A9F8F72CF8029844F244
:1084F0000C41C4F200010191086044F21041C4F241
:108500000001086044F21441C4F20001092008602F
:10851000F8F7B0FB0199029A00F561304BF2C533D0
:10852000C9F2A213A0FB0330800C44F20843C4F24A
:108530000003186042F224000860262003900821FE
:10854000F8F744FA0398F8F737FA43F60C01C4F247
:108550000101086840F02000086043F61401C4F2ED
:108560000101086840F00100086010B080BD000003
:1085700081B0EFF3108072B60090009801B07047A0
:108580007047000080B5F8F785F980BD80B582B0EE
:10859000FFF7EEFF019042F6A841C2F20001087811
:1085A0008DF8030000200870019800F081FA9DF812
:1085B000030002B080BD000082B044F27A00C2F233
:1085C0000000008843F61E71C2F20001098888424B
:1085D00004D1FFE74FF0FF30019012E044F27A013E
:1085E000C2F200010A8844F27310C2F20000805CFB
:1085F0000090088801306FF35F2008800098019098
:10860000FFE7019802B0704780B586B0FFE741F2FE
:108610001800C4F20200016841F004010160006822
:1086200000F0040005900598FFE7FFE741F218000D
:10863000C4F20200016841F008010160006800F026
:10864000080004900498FFE700208DF80F00FFE772
:108650009DF80F00052845D8FFE79DF80F00002181
:108660000191FFF7F3FB9DF80F204AF21040C0F68E
:10867000000000EBC20150F832004968FFF75AF8D9
:1086800001999DF80F00FFF7C1FB9DF80F204AF2FA
:10869000E030C0F6000000EBC20150F8320049683B
:1086A000FFF748F8019A9DF80F304AF23050C0F6B3
:1086B0000000029000EBC30150F83300496801F05C
:1086C0005FFE02989DF80F2000EBC20150F83200C7
:1086D0004968FFF72FF8FFE79DF80F0001308DF88C
:1086E0000F00B5E70020009001221146FFF748FB7C
:1086F00000988DF80E00FFE79DF80E00022814DCAC
:10870000FFE79DF80E204AF2B440C0F6000000EBEF
:10871000C20150F832004968FFF70CF8FFE79DF8F6
:108720000E0001308DF80E00E6E74AF22851C0F63F
:10873000000108684968FEF7FDFF4AF22051C0F6C3
:10874000000108684968FEF7F5FF06B080BD00002B
:1087500080B586B08DF81700ADF81410FFF708FF4C
:1087600004909DF8170001F0B5FD03909DF81700E7
:10877000F9F798FE8DF80B00BDF814009DF817204E
:1087800042F60051C2F2000121F812009DF81710C4
:1087900040F27000C2F20000405C002847D1FFE7C1
:1087A000BDF814009DF8172040F6EC61C2F20001FC
:1087B00021F812009DF8172040F6FA61C2F200017C
:1087C0000020885403989DF80B100422FEF786FFC2
:1087D0000398406ABDF81410084480B200900398D2
:1087E0009DF80B10F9F752FE0146009808609DF8BD
:1087F0000B10022001908840C043039908619DF846
:10880000172040F27001C2F2000101208854039841
:108810009DF80B100322FEF761FF01989DF80B10E5
:1088200000FA01F20399C8681043C860FFE7049892
:1088300000F03EF906B080BD80B584B08DF80F0021
:10884000FFF796FE02909DF80F0001F043FD0190A6
:108850009DF80F00F9F726FE8DF803009DF8031030
:10886000022000FA01F20199C8689043C86001989B
:108870009DF803100022FEF731FF0198406AADF821
:108880000000FFE70198406ABDF80010401A80B26E
:10889000022801D8FFE7F5E701989DF803100422AC
:1088A000FEF71CFF9DF8031002208840C043019989
:1088B00008619DF80F2040F6FA61C2F20001002025
:1088C00088549DF80F2040F27001C2F200018854D4
:1088D000029800F0EDF804B080BD000080B582B0D1
:1088E0004FF08040019000221146F9F763FE019895
:1088F00002210522F9F75EFE02B080BD80B582B08C
:1089000040F20040C4F20000019000210322F9F778
:1089100051FE019801210422F9F74CFE02B080BDFE
:1089200080B582B040F60000C4F200000190002142
:108930000222F9F73FFE019801221146F9F73AFEAB
:1089400002B080BD80B582B0FFF712FE019044F204
:108950009A61C2F2000108788DF8030000200870C7
:108960009DF8030058B1FFE743F61E70C2F2000005
:10897000008844F27A01C2F200010880FFE7019802
:1089800000F096F89DF8030002B080BD82B043F677
:108990000000C4F20100006801909DF8040010F08E
:1089A0002F0F47D0FFE743F60400C4F20100006830
:1089B0008DF803009DF80400000738B1FFE744F28A
:1089C0009A61C2F200010120087032E09DF80400B3
:1089D000800600282CD5FFE743F61E70C2F2000087
:1089E000008801306FF35F20ADF80000BDF8000093
:1089F00044F27A01C2F200010988884207D1FFE7F8
:108A000044F29A61C2F20001012008700FE09DF863
:108A1000030043F61E71C2F200010B8844F2731288
:108A2000C2F20002D054BDF800000880FFE7FFE763
:108A3000FFE7FFE79DF804000006002835D5FFE7B3
:108A400043F60C00C4F201000068000600282CD593
:108A5000FFE744F29840C2F20000008844F29641D9
:108A6000C2F200010988884215D0FFE744F298411C
:108A7000C2F200010A8844F29A40C2F20000805C0F
:108A800043F60402C4F201021060088801306FF35B
:108A90005F20088008E043F60C01C4F20101086879
:108AA00020F080000860FFE7FFE702B07047000099
:108AB00081B00090009880F3108801B070470000EA
:108AC00080B584B00390ADF80A10FFF751FD019016
:108AD000BDF80A0044F29841C2F200010A8844F24B
:108AE0009641C2F200010988C94311446FF35F2126
:108AF00088420AD9FFE744F29A61C2F200010120DC
:108B000008700198FFF7D4FF30E00020ADF80200B4
:108B1000FFE7BDF80200BDF80A1088421ADAFFE745
:108B20000398BDF80210405C44F29641C2F2000185
:108B30000B8844F29A42C2F20002D05408880130F5
:108B40006FF35F200880FFE7BDF802000130ADF849
:108B50000200DEE743F60C01C4F20101086840F0B0
:108B6000800008600198FFF7A3FFFFE704B080BD15
:108B700084B08DF80F0002910020ADF8060040F699
:108B8000F860C2F200000088ADF80400FFE7BDF80D
:108B9000060044F25441C2F20001C98E884246DA0E
:108BA000FFE7BDF8041042F60C60C2F2000000EBD3
:108BB000C10000900098006820F078400299401AA7
:108BC000B0F5FA7F07D8FFE7009801680220B0EB04
:108BD000917F01D1FFE72AE000980068C0F3C260EE
:108BE0009DF80F10884214D1FFE70098016801201A
:108BF000B0EB917F0DD1FFE70098006820F078403E
:108C00009DF80F2040F2BC01C2F2000141F82200A1
:108C10000DE0FFE7BDF806000130ADF80600BDF835
:108C2000040001306FF35F20ADF80400AFE704B03B
:108C30007047000080B582B08DF8070044F29C6058
:108C4000C2F200000088E0B1FFE7FFF79BFC41F2B1
:108C5000C421C2F200010968401A652811D3FFE758
:108C600044F29C61C2F200010020088044F25441A9
:108C7000C2F20001082081F83500C86B0130C863DA
:108C8000FFE7FFF77FFC41F2C421C2F20001086058
:108C900044F29C60C2F200000088F72803D1FFE78D
:108CA000F9F77CFEFFE79DF8070044F29C63C2F2EF
:108CB00000031A88511C198044F27C01C2F20001A1
:108CC0008854FEF74DFD02B080BD000083B00290D5
:108CD000ADF806104FF6FF70ADF804000020ADF8B7
:108CE0000200FFE7BDF80200BDF8061088422EDA48
:108CF000FFE70298BDF80210415CBDF8040080EA6D
:108D00000120ADF8040000208DF80100FFE79DF878
:108D10000100072814DCFFE7BDF80420500041F2F1
:108D2000210181EA42011204002A48BF0846ADF839
:108D30000400FFE79DF8010001308DF80100E6E72F
:108D4000FFE7BDF802000130ADF80200CAE7BDF848
:108D5000040003B07047000080B58CB08DF82F0080
:108D6000FFF710FC0A900A9840F6E861C2F2000191
:108D70000968401A062808D3FFE740F6EC51C2F212
:108D800000010020C1F8F800FFE70A9840F6E8610A
:108D9000C2F2000108609DF82F1040F6EC50C2F2BC
:108DA0000000FBF79DFE002800F04982FFE740F637
:108DB000EC50C2F200008078012840F04082FFE7CA
:108DC00040F6EC50C2F20000411D09910079089074
:108DD000089900200729049029D3FFE70998017812
:108DE0000020A529049022D1FFE7099841780020AE
:108DF0005A2904901BD1FFE709988078C11D089A71
:108E000000209142049012D1FFE70998023008999E
:108E1000043989B2FFF75AFF099A0899114431F8C9
:108E2000021C401AB0FA80F040090490FFE7049851
:108E300000F001008DF81F009DF81F00002800F0D1
:108E4000C980FFE709980079562840F0C380FFE702
:108E5000099880780128C0F2BD80FFE709988078E2
:108E6000C92800F3B780FFE7099880784CF6CB4219
:108E7000C4F6CC424CF6CD41CCF6CC4100FB0120EF
:108E80004FEA700049F69811C1F69911884200F234
:108E9000A180FFE742F6B840C2F20000007870B946
:108EA000FFE740F27600C2F20000007838B9FFE731
:108EB00044F25140C2F20000007820B1FFE70C20DC
:108EC0008DF81E0068E041F2A030C2F20000007888
:108ED000089988421DD1FFE70A9841F29C31C2F2FD
:108EE00000010968401A00097C2812D8FFE7099997
:108EF000089A41F2CC20C2F20000F7F763F940B9BA
:108F0000FFE741F2A230C2F2000000788DF81E00A7
:108F100041E00998407900F001008DF81D009DF8AE
:108F20001D0041F2A131C2F20001097888420BD044
:108F3000FFE70120FAF748FE9DF81D0041F2A1313C
:108F4000C2F200010870FFE70999881D897801398C
:108F50009DF81D20C9B2FAF76BFD8DF81E00099926
:108F6000089A41F2CC20C2F20000F7F757F90898AE
:108F700041F2A031C2F2000108700A9841F29C311E
:108F8000C2F2000108609DF81E0041F2A231C2F257
:108F900000010870FFE7FFE79DF81E0088B9FFE7B2
:108FA00041F2A130C2F20000007841F2D031C2F2A9
:108FB000000108700A9841F2CC31C2F20001086049
:108FC000FFE70998C17857200DF11E020123FCF735
:108FD0008DFE27E19DF81F00002844D0FFE7099887
:108FE000007971283FD1FFE70998807808283AD1A5
:108FF000FFE744F25140C2F20000007890B3FFE76F
:109000000998C07844F24841C2F2000109788842C8
:1090100028D1FFE70998407944F27931C2F2000182
:10902000097888421ED1FFE70999D1F80500D1F8E7
:10903000092044F24941C2F200014A6008600A98DE
:1090400044F27431C2F20001086009988079FF2867
:1090500007D0FFE744F25141C2F20001002008703E
:10906000FFE7FFE7DDE09DF81F00002800F0BA8071
:10907000FFE709980079722840F0B480FFE709986B
:1090800080780128C0F2AE80FFE70898D02800F26F
:10909000A980FFE743F6F070C2F20000007808995B
:1090A000884224D1FFE70A9843F6F471C2F2000126
:1090B0000968401A00097C2819D8FFE70999089A1D
:1090C00043F62070C2F20000F7F77CF878B9FFE7AA
:1090D0000998C17844F27800C2F20000037843F6A0
:1090E000F872C2F200027320FCF700FE79E0002063
:1090F0008DF81C0042F6B840C2F20000007820B1A2
:10910000FFE70C208DF81B003AE040F27600C2F237
:1091100000000078A0B9FFE7FAF752FB40F27601B1
:10912000C2F200010120087041F22501C2F20001E3
:109130000020087041F2D031C2F200010870FFE750
:1091400009998A7848790631013AEC4607ABCCF8A0
:10915000003043F6F873C2F200030233D2B2F9F7DB
:1091600037FC8DF81B0009984079042807D1FFE7E8
:1091700040F27601C2F2000100200870FFE7FFE72D
:109180000998407943F6F871C2F200010291087023
:109190009DF81B0048709DF81C00023044F27801D5
:1091A000C2F20001039108700999089A43F62070F1
:1091B000C2F20000F7F732F8029A0398089943F6D2
:1091C000F073C2F2000319700A9943F6F473C2F205
:1091D000000319600999C97803787320FCF786FDAC
:1091E000FFE71DE000200590FFE7059808998842F9
:1091F00015D2FFE7059840F6EC51C2F2000101914B
:1092000008444079FCF72CFF0199059808444079FF
:10921000FCF700F8FFE7059801300590E5E7FFE768
:10922000FFE7FFE740F6EC50C2F20000C078FEF71F
:1092300097FEFEF725FE0120FCF7A8F9FFE70CB02A
:1092400080BD000080B582B043F61C71C2F20001FF
:1092500000200190088042F60861C2F200010880F7
:1092600044F29C61C2F20001088041F22501C2F281
:109270000001087041F20801C2F20001087041F2D9
:109280002401C2F20001087041F29C11C2F20001F7
:10929000087041F2D031C2F20001087041F2D131C0
:1092A000C2F20001087041F2A131C2F2000108705F
:1092B00041F2A031C2F20001087042F6B741C2F299
:1092C0000001087042F6FB41C2F20001087042F64C
:1092D000B041C2F20001C1F80300086042F6FC414F
:1092E000C2F20001086042F6B841C2F20001087003
:1092F00042F6BC41C2F20001086040F6EC51C2F2F5
:109300000001C1F8F80040F6E861C2F2000108600F
:1093100041F29811C2F20001086041F22C00C2F241
:1093200000006821F7F72BF8019844F27801C2F2A7
:109330000001087043F6F071C2F20001087040F2BB
:109340007601C2F20001087044F27831C2F20001E5
:10935000087044F25141C2F20001087044F24941E0
:10936000C2F200014860086041F29411C2F20001AB
:10937000086041F29400C2F200004FF48071F6F7E9
:10938000FEFF41F22601C2F200014FF0FF3088805B
:10939000086002B080BD000080B582B044F2514048
:1093A000C2F200000078E0B1FFE7FFF7EBF844F20B
:1093B0007431C2F200010968401A42F21171884208
:1093C0000FD3FFE744F25141C2F2000100200870C0
:1093D00044F24941C2F2000108204870062088701A
:1093E000FFE742F6B840C2F20000007830B3FFE772
:1093F000FFF7C8F842F6BC41C2F200010968401A02
:10940000B0F5FA6F1AD9FFE7FAF7DAF942F6B84180
:10941000C2F200010020087042F6FB41C2F20001D6
:10942000087042F6B041C2F20001C1F803000860C2
:1094300042F60861C2F200010880FFE7FFF782FAF6
:1094400008B3FFE744F29C61C2F2000100200880EB
:1094500040F27600C2F20000007878B1FFE742F6F1
:10946000B840C2F20000007840B9FFE744F254412E
:10947000C2F20001C86B0130C86303E00920FAF7AB
:10948000DFF9FFE7FFE7FFF781F820B1FFE70B20E7
:10949000FAF7D6F9FFE744F29C60C2F200000088B8
:1094A000E0B1FFE7FFF76EF841F2C421C2F200011C
:1094B0000968401A652811D3FFE744F29C61C2F2A3
:1094C00000010020088044F25441C2F2000108204B
:1094D00081F83500C86B0130C863FFE7FFE7FFF78D
:1094E0006BF80190002805D4FFE79DF80400FFF712
:1094F000A1FBF4E7FEF786FDC8B1FFE741F29C113E
:10950000C2F200010020087041F2D131C2F2000124
:10951000087040F6EC51C2F20001C1F8F80044F2C4
:109520005441C2F20001C86B0130C863FFE7FFE796
:10953000FEF7E2FC0190002805D4FFE79DF8040047
:10954000FFF70AFCF4E70020FCF720F8FEF798FC90
:1095500002B080BD83B00290019100208DF803001D
:10956000FFE79DF8030003280EDCFFE701989DF854
:109570000320D100C84002998854FFE79DF80300FA
:1095800001308DF80300ECE703B07047B0B59AB036
:1095900018908DF85F10169215939DF85F00A8B192
:1095A000FFE79DF85F0049F69812C1F699124CF654
:1095B000CD41CCF6CC4100FB01204FEA700049F6CA
:1095C0009911C1F69911884204D3FFE701208DF863
:1095D00067009EE242F60C50C2F20000007840B1F3
:1095E000FFE742F60C50C2F2000000788DF86700E9
:1095F0008FE243F61060C2F20000007858B9FFE72E
:109600001898407900F07F00052804D0FFE7042077
:109610008DF867007DE29DF85F004CF6CD41CCF6F9
:10962000CC41A0FB0110C00814901498013044F202
:109630005441C2F20001C98EC1F500714EF64F428D
:10964000C4F6C462A1FB0221B0EB910F04D9FFE77D
:1096500005208DF867005CE243F60C60C2F2000062
:109660000068139043F61160C2F2000000788DF894
:109670004B0040F2D400C2F2000000788DF84A009E
:1096800043F61060C2F20000007858B9FFE744F2D8
:109690005440C2F20000C08E20B1FFE704208DF8D4
:1096A000670036E200201190FFE711981499884274
:1096B00080F0DC80FFE71898119901EB810100EB45
:1096C00041001090109800F013FE0F901098407910
:1096D00000F07F008DF83B009DF84A0068BBFFE773
:1096E0000F981399884228D3FFE70F9845F6004159
:1096F000C0F22651884220D8FFE79DF84B0028B1E0
:10970000FFE70F981399884217D1FFE744F25440BE
:10971000C2F2000090F8340098B1FFE70F9843F6CA
:109720001461C2F20001096844F25442C2F200021C
:10973000926B1144884204D2FFE706208DF867003F
:10974000E7E19DF83B00052819DCFFE79DF83B00A9
:10975000042814D0FFE71098407A7F280FDCFFE739
:10976000109880797F280ADCFFE71098C0797F285D
:1097700005DCFFE71098007A072804DBFFE70320E9
:109780008DF86700C5E19DF83B00032820D1FFE775
:109790009DF84B0020B1FFE706208DF86700B8E187
:1097A00010984079000600280AD5FFE71098007944
:1097B00030B9FFE71098063000F09AFD20B1FFE7BE
:1097C00003208DF86700A4E101208DF84A00FFE72F
:1097D0009DF83B0005283BD1FFE743F61060C2F23D
:1097E0000000007878BBFFE7119860BBFFE744F208
:1097F0005440C2F2000090F8340020BBFFE70F98FD
:1098000008BBFFE7109800793F281CDCFFE71098A1
:109810008079C0B1FFE710988079062813DCFFE754
:109820001098C07907280EDCFFE71098007A50B92D
:10983000FFE71098407A30B9FFE7109840790006AA
:10984000002804D4FFE703208DF8670061E1FFE7FB
:109850000F98139010984179012080EAD1108DF86B
:109860004B00FFE71198013011901EE743F610619D
:10987000C2F200010120087000200D90FFE70D9852
:109880001499884280F0F680FFE718980D9901EB53
:10989000810100EB41000C900C9800F029FD0B9029
:1098A0000C98407900F07F008DF82B009DF82B007C
:1098B000052844D1FFE70C98007944F25441C2F2E4
:1098C000000191F83010084042F2D401C2F20001C8
:1098D00081F8D10B0C98807981F8CF0B0C98C07966
:1098E00081F8D00B002009900890FFE70898052820
:1098F00012D8FFE742F2D400C2F2000090F8D10B78
:109900000899C84000F00101099808440990FFE750
:10991000089801300890E9E742F2D400C2F2000052
:1099200090F8CF0B0999884208D9FFE7099842F2CD
:10993000D401C2F2000181F8CF0BFFE796E043F6B5
:109940001860C2F20000007810BBFFE70B9843F6E6
:109950001461C2F200010968884219D3FFE743F697
:109960001861C2F200010120087043F61460C2F2CF
:109970000000006858B1FFE743F61460C2F200002F
:109980000068FCF7BDFC002000F0C8F8FFE7FFE727
:109990009DF82B00032824D1FFE70B9843F61461B0
:1099A000C2F200010968884209D3FFE70B9843F629
:1099B0001461C2F200010968401A059002E000201B
:1099C0000590FFE705986A46FF21116002220023F7
:1099D00000F07CFA40F2D401C2F2000101200870CC
:1099E00044E00B98DDF830E09DF82B209EF8041041
:1099F0009EF806309EF807C09EF808409EF8095071
:109A0000EE46CEF80850CEF80440CEF800C0FDF780
:109A10004BF98DF81F009DF81F0048B1FFE79DF836
:109A20001F00F9F70DFF9DF81F008DF8670070E02B
:109A30000C9840790006002817D5FFE70B98FCF733
:109A40005FFC0B9843F61461C2F20001096888427A
:109A50000AD3FFE70B9843F61461C2F200010968CC
:109A6000401A00F05BF8FFE7FFE7FFE70D980130D1
:109A70000D9004E7139843F60C61C2F200010860F0
:109A80009DF84B0043F61161C2F200010870139873
:109A900043F61461C2F200010968884209D3FFE766
:109AA000139843F61461C2F200010968401A049049
:109AB00002E000200490FFE7049841F2C021C2F2C6
:109AC0000001086000F04EFA44F25440C2F2000077
:109AD000C08EC0F500704EF64F41C4F6C461A0FBC5
:109AE000011080080690069820B1FFE7069801381B
:109AF000039002E000200390FFE703981699087096
:109B0000169900204870159A022111708DF867008F
:109B1000FFE79DF867001AB0B0BD000010B59AB01D
:109B2000199000200390ADF8580015904FF0FF31C8
:109B3000ADF860101791149013901290119010903E
:109B40000F9042F2D400C2F2000090F8D00B01282E
:109B500005D1FFE717A80FA9FAF7CAFD0DE100200C
:109B60000E90FFE70E9842F2D401C2F2000191F884
:109B7000CE1B88422ED2FFE70E9942F2D400C2F2E9
:109B80000000084490F8BC1B41F2D430C2F200003F
:109B9000084490F8000AC0B1FFE70E9942F2D400E1
:109BA000C2F20000084490F8BC0B41F2D431C2F27A
:109BB0000001014491F8001A17AA114401F8010CA0
:109BC0000E9A15A901208854FFE7FFE70E9801308F
:109BD0000E90C7E700200D90FFE70D9805284DD89F
:109BE000FFE742F2D400C2F2000090F8D10B0D99C9
:109BF000C840C007E8B3FFE70D9917A8405CFF28ED
:109C000037D1FFE700200C90FFE70C9842F2D40117
:109C1000C2F2000191F8CE1B884229D2FFE70C99CD
:109C200015A8405CF8B9FFE70D9842F2D401C2F2E2
:109C30000001084490F8C20B0C9A114491F8BC1B27
:109C4000884210D1FFE70C9942F2D400C2F2000022
:109C5000084490F8BC0B0D9A17A988540C9A15A9C2
:109C60000120885404E0FFE70C9801300C90CCE709
:109C7000FFE7FFE70D9801300D90AEE700200B9055
:109C8000FFE70B9842F2D401C2F2000191F8CE1B1B
:109C9000884271D2FFE70B9915A8405C002866D175
:109CA000FFE74FF0FF300A908020099000200890D5
:109CB000FFE70898052849D8FFE742F2D400C2F22E
:109CC000000090F8D10B0899C840C007C8B3FFE75F
:109CD000089917A8405CFF2833D1FFE7089942F2A2
:109CE000D400C2F20000084490F8C80BFF2803D14A
:109CF000FFE7002002900EE0089842F2D401C2F281
:109D00000001084490F8C80B0B9A114491F8BC1B51
:109D1000401A0290FFE7029807900798B0F1FF3FC2
:109D200004DCFFE7079840420790FFE7079809998E
:109D3000884205DAFFE70798099008980A90FFE73C
:109D4000FFE7FFE7089801300890B2E70A9800287B
:109D50000CD4FFE70B9942F2D400C2F20000084491
:109D600090F8BC0B0A9A17A98854FFE7FFE7FFE7B2
:109D70000B9801300B9084E7FFE700200690FFE787
:109D8000069805285AD8FFE7069A17A8805C42F281
:109D9000D401C2F20001114491F8C21B884248D09C
:109DA000FFE7069942F2D400C2F20000084490F89E
:109DB000C20BFF280BD0FFE719989DF818106B46CF
:109DC000FF221A6000231A4600F080F8FFE7069988
:109DD00017A8405CFF282BD0FFE7069917A8405C26
:109DE000FDF7A4FB0590FFE7059844F61F61884244
:109DF00004D8FFE7059840000590F5E7FFE70598D0
:109E000044F68171C0F21201884204D3FFE705983D
:109E100040080590F3E719980699059B17AA525C2C
:109E2000EC46CCF80020C9B2012200F04FF8FFE761
:109E3000FFE7FFE7069801300690A1E742F2D40160
:109E4000C2F200010191BDF86000A1F8C60B17989D
:109E5000C1F8C20B0F98109A119BDDF848C0DDF8CD
:109E60004CE0149CC1F8B84BC1F8B4EBC1F8B0CBCE
:109E7000C1F8AC3BC1F8A82BC1F8A40B002004909A
:109E8000FFE70498052816D8FFE7049917A8405C57
:109E9000FF280BD0FFE7049A17A8805C42F2D40198
:109EA000C2F20001114481F8C80BFFE7FFE70498F4
:109EB00001300490E5E719986A46FF2111600322FA
:109EC000002300F003F81AB010BD000080B586B082
:109ED00084460898CDF814C08DF813108DF8122020
:109EE00003938DF80B0044F29441C2F20001B1F8E3
:109EF00000E042F60C6CC2F2000C0CEBCE02059BAB
:109F0000009863F31A0000909DF8130000F0070317
:109F1000009820F0605040EAC36000909DF8123035
:109F2000009820F0404040EA83700090039B019825
:109F300063F3170001909DF80B008DF80700009B5C
:109F400001984CF83E305060088801306FF35F2074
:109F5000088044F25441C2F20001C88E0130C88624
:109F600006B080BD80B582B000208DF80700FFE705
:109F70009DF80700052848D8FFE740F2B800C2F274
:109F8000000000789DF80710C840C007B0B3FFE795
:109F900044F25440C2F20000806B9DF8072040F26A
:109FA0009C01C2F2000151F82210401AB0F5FA7F6C
:109FB0000DD9FFE79DF80710012000FA01F240F2E9
:109FC000B801C2F2000108789043087015E09DF8CE
:109FD000071040F2BC00C2F2000050F8210058B94E
:109FE000FFE79DF8070040F29C01C2F2000151F822
:109FF0002010FEF7BDFDFFE7FFE7FFE7FFE79DF855
:10A00000070001308DF80700B2E702B080BD000004
:10A0100081B000900098006801B0704780B584B0AE
:10A020008DF80E009DF80E1044F25440C2F200006C
:10A0300000EBC101029190F830009DF80E10C8406D
:10A04000C00700B3FFE702980079E0B1FFE744F2F0
:10A050005440C2F2000090F83100A0B9FFE744F28A
:10A060005440C2F2000090F8320060B9FFE7FEF7FA
:10A0700089FA43F61C61C2F200010968401AB0F186
:10A08000FF3F04DCFFE704208DF80F0026E0029874
:10A090000068FAF74DFCADF80600BDF8060020B9DF
:10A0A000FFE703208DF80F0018E09DF80E00BDF8C3
:10A0B000061000F08DF8BDF80600FDF747FE029986
:10A0C00008600299012048719DF80E000299C97933
:10A0D000FAF7CEFD00208DF80F00FFE79DF80F0086
:10A0E00004B080BD80B586B0059044F25441C2F200
:10A0F0000001019191F83000059A107091F831003B
:10A10000059A507091F83200059A907091F83300DA
:10A11000059AD07091F83400059A107191F83500C5
:10A12000059A507191F83600059A907191F83700B0
:10A13000059AD07105980830896BFFF70BFA0199E1
:10A1400005980C30C96BFFF705FA00208DF8130055
:10A15000FFE79DF81300052836D8FFE79DF8131098
:10A1600044F25440C2F2000000EBC1000390059895
:10A170009DF8131001EB410100EB410010300290FB
:10A18000039908794A79897940EA420040EA8100D6
:10A1900000909DF81300F9F711FA0146009840EA83
:10A1A000C100029908700398C0790299487002981A
:10A1B000023003990968FFF7CDF9FFE79DF8130016
:10A1C00001308DF81300C4E7342006B080BD0000D4
:10A1D00080B582B08DF80700ADF8041040F2980009
:10A1E000C2F2000000789DF80710C840C00738B9D7
:10A1F000FFE79DF80700BDF80410FEF7A9FAFFE796
:10A2000002B080BD80B582B08DF807009DF80720B0
:10A2100040F2BC01C2F200010020009041F822008F
:10A220009DF80710012000FA01F240F2B801C2F2D5
:10A2300000010878904308709DF80700FEF7FCFACB
:10A2400000989DF8072044F25441C2F2000101EB4E
:10A25000C20148719DF80700FF21FAF709FD02B01D
:10A2600080BD000080B582B08DF8070044F25441F3
:10A27000C2F200010020009081F83400F8F71EF9C6
:10A2800000988DF80600FFE79DF8060005281ED807
:10A29000FFE79DF80600FFF7B5FF9DF8070078B1CE
:10A2A000FFE79DF8061044F25440C2F2000000EBB4
:10A2B000C100002101719DF80600FDF7C7FDFFE711
:10A2C000FFE79DF8060001308DF80600DCE702B0DC
:10A2D00080BD000081B08DF803009DF803104AF2A4
:10A2E0006050C0F6000050F8210001B07047000037
:10A2F00081B000900098006801B0704780B542F2CC
:10A300000401CEF20401086840F48070086043F252
:10A310000001C4F200014CF6CC400860022040F27B
:10A32000F31100F001F880BD82B00190009143F27A
:10A330000001C4F200014AF6AA20086045F2555017
:10A340000860019843F20401C4F20001086000981B
:10A3500043F20801C4F200010860FFE743F20C0079
:10A36000C4F20000006808B1FFE7F7E743F200011C
:10A37000C4F200014AF6AA20086002B0704700004B
:10A3800084B0039102908DF807209DF8070020B15A
:10A39000FFE7BDF80C00009004E0BDF80C000004DD
:10A3A0000090FFE700980299086104B07047000030
:10A3B0000000000000000102030406070809000075
:10A3C00000000102030402030405060708090A0B42
:10A3D0000C0D0E0F10100102000100000102000020
:10A3E0000008014000080000000C014000010000CE
:10A3F000000C0140100000000008014010000000A7
:10A40000000C014001000000000C014000100000A1
:10A41000000C014008000000000C0140200000007A
:10A42000000C014000020000000C0140040000008C
:10A430000008014020000000000C01400200000064
:10A440004D757369634D6F746F7220312E313B20EF
:10A4500070726F746F636F6C3D313B206D6F746F02
:10A4600072733D363B2074696D65723D313030301A
:10A470003030303B2071756575653D3531323B209C
:10A480007261775F6D6964693D313B206D61785F12
:10A49000687A3D31323030000000000000010201D6
:10A4A00001050202010101000001FF000000243744
:10A4B00040454A4F000C014000800000000C014064
:10A4C00000200000000C014000080000000407FF0D
:10A4D000000307FF000306FF000408FF000207FF58
:10A4E000000507FF0004070A0004070B0003070A22
:10A4F000FAFD0300BF3A0400217B040057BF0400AB
:10A500009C0705002C5405004AA505003BFB0500EF
:10A5100049560600C0B60600F41C07003B89070038
:10A520000008014000100000000801400001000088
:10A530000008014000800000000C01408000000085
:10A54000000C0140400000000008014040000000F5
:10A550000008014080000000000C014000040000E1
:10A5600000000040000800400008004000040040D7
:10A57000000400400000004098A5000800000020F2
:10A580001000000028010008A8A500081000002005
:10A59000984E00004401000800127A0001010000FA
:08A5A0001000000000000000A3
:04000005080000ED02
:00000001FF
